Product_ID,DATE,V1,V2,V3,V4,V5,V6,V7,V8,V9 
P1,2017-01-02,0.874271936,3.999528409,4.002,2.53318513,1.874328866,2.542637313,3.168074324,0.723829359,94
P1,2017-01-09,0.495252182,3.953556818,3.366168224,2.508104089,1.831284247,2.508104089,3.72,0.758628058,94
P1,2017-01-16,0.729454826,3.904377907,3.44172,2.508104089,1.831284247,2.508104089,3.72,0.878728029,92
P1,2017-01-23,0.798881915,3.196444444,3.50175,2.732107491,2.079881633,2.81629053,3.72,0.378671097,94
P1,2017-01-30,0.283300987,3.934664384,3.183409091,4.442262313,6.6638,4.409356667,2.668137931,0.09144724,93
P1,2017-02-06,0.255254262,4.65,4.263,4.4756,6.687180623,4.4756,2.583333333,0.315479287,95
P1,2017-02-13,0.993890718,3.928448276,3.730125,4.458962082,4.031067626,4.458962082,2.574394464,0.206562392,95
P1,2017-02-20,0.286852039,4.65,4.175103093,4.4923,3.5071777,4.4923,2.650033445,0.835136236,96
P1,2017-02-27,0.349312379,4.513235294,4.263,4.4923,3.531789474,4.4923,3.72,0.887544799,97
P1,2017-03-06,0.423291885,4.6035,4.3065,4.442569742,3.961859779,4.4923,3.72,0.35818044,95
P1,2017-03-13,0.540778133,4.65,4.306930693,4.442569742,6.524,4.425747407,3.695033557,0.947285913,96
P1,2017-03-20,0.598358019,4.65,4.35,4.442569742,6.7337,4.425992989,3.72,0.933486049,98
P1,2017-03-27,0.018394542,4.65,4.35,4.344202198,6.757,4.44201306,3.72,0.945630114,98
P1,2017-04-03,0.945223663,5.394,4.959,4.173697163,6.510066445,4.409720956,2.631836735,0.370225283,97
P1,2017-04-10,0.836633578,6.789,6.3945,4.409416236,6.734018089,4.377533212,2.583333333,0.812196061,98
P1,2017-04-17,0.747413264,6.284033058,5.9682,4.377533212,2.551231525,4.4923,2.574394464,0.032309684,98
P1,2017-04-24,0.902330194,5.744538462,5.658849558,4.4589,2.322020548,4.4589,2.865583039,0.138041383,98
P1,2017-05-01,0.634015038,5.753389831,5.75505,4.475537687,2.322020548,4.475474906,3.72,0.228403908,98
P1,2017-05-08,0.461011878,6.568219512,3.8715,4.459023704,2.66535931,4.4923,3.707558528,0.650395549,97
P1,2017-05-15,0.739518463,7.579781818,4.40702027,4.4923,4.5202,4.4923,3.658,0.267487978,96
P1,2017-05-22,0.293210991,7.438858896,5.512871287,4.4923,6.7803,4.4756,3.72,0.243197453,97
P1,2017-05-29,0.335552352,5.225222222,5.184966443,3.6239,6.7803,3.637472659,3.72,0.964230174,96
P1,2017-06-05,0.561957818,4.839576923,4.921714286,3.34,6.7803,3.327583643,3.497735849,0.559753358,94
P1,2017-06-12,0.642154637,4.748264151,4.752,3.34,6.7803,3.327583643,3.72,0.348518731,94
P1,2017-06-19,0.239091201,4.902428571,4.993043478,3.536848134,6.75306988,3.507,3.72,0.687760985,97
P1,2017-06-26,0.258410685,5.475076923,5.494736842,4.4589,6.67267619,4.4756,2.608993289,0.467748449,97
P1,2017-07-03,0.971147508,7.7655,6.96,4.4923,6.7260576,4.458962082,2.48,0.433219553,97
P1,2017-07-10,0.353272595,7.812,6.915384615,4.459023704,5.9622836,4.4756,2.48,0.591766547,97
P1,2017-07-17,0.391416873,7.58087574,6.91566879,4.458775373,4.366571545,4.4756,2.672980132,0.49746786,97
P1,2017-07-24,0.371644519,7.488426036,6.96,4.4923,3.798735458,4.4923,3.72,0.527071036,97
P1,2017-07-31,0.240064481,7.448651163,7.3515,4.3921,5.729442802,4.4756,3.72,0.761508414,96
P1,2017-08-07,0.8180462,7.537894737,7.3515,4.458775373,6.0347,4.475537687,3.72,0.176047071,96
P1,2017-08-14,0.748577171,7.812,7.3515,4.425747407,6.0347,4.4923,3.72,0.264807425,96
P1,2017-08-21,0.10174472,7.812,7.3515,2.719023684,3.933549393,2.73225709,3.72,0.529690457,95
P1,2017-08-28,0.16745179,7.8585,7.3515,2.53325188,3.664797571,2.571927481,2.648344371,0.715899102,91
P1,2017-09-04,0.880335317,7.8585,7.3515,2.761659836,3.537621951,2.611802326,2.48,0.791829648,90
P1,2017-09-11,0.40131368,5.009219298,4.713608824,2.951552479,3.765432787,2.898258065,2.488294314,0.69209821,96
P1,2017-09-18,0.394055545,4.821165644,4.652848101,4.4088,5.754910569,4.328943636,2.673355932,0.43601355,96
P1,2017-09-25,0.808736631,4.973734177,4.901,4.4589,5.7321728,4.4589,2.930136986,0.091560306,96
P1,2017-10-02,0.428696968,5.0375,4.85295098,3.196857143,5.531075486,3.208785714,3.72,0.388065327,95
P1,2017-10-09,0.823451638,4.973734177,5.035273973,2.717975709,5.50859144,2.720945935,3.72,0.702502782,89
P1,2017-10-16,0.383245782,7.413679245,6.556743243,2.674661355,5.7321728,2.765920248,3.72,0.260724033,90
P1,2017-10-23,0.159654013,7.8585,6.771118421,2.67534,3.844404898,2.674661355,3.72,0.19418638,89
P1,2017-10-30,0.140301455,7.8585,7.308,2.741127049,3.485755466,2.858269231,3.331826087,0.945221697,88
P1,2017-11-06,0.690492784,7.8585,7.308,4.078262195,3.528613115,3.981160714,3.234782609,0.558557464,88
P1,2017-11-13,0.961325754,7.8585,7.3515,4.4589,3.696304453,4.4589,3.234782609,0.656660514,96
P1,2017-11-20,0.725892767,7.8585,7.3515,4.4589,5.708780723,4.4589,2.625271967,0.913692637,97
P1,2017-11-27,0.050744136,7.8585,7.3515,4.4756,5.8017,4.4756,3.72,0.384319485,97
P1,2017-12-04,0.615328545,7.8585,7.3515,4.4756,5.8017,4.4923,3.72,0.126798115,98
P1,2017-12-11,0.859660769,7.8585,7.3515,4.4756,5.8017,4.4923,2.383943662,0.363785744,99
P1,2017-12-18,0.574499134,7.8585,7.3515,4.458962082,5.8017,4.459146494,2.53307393,0.220556704,99
P1,2017-12-25,0.930330584,7.8585,7.3515,2.732295131,5.7552864,2.69538,2.503846154,0.27839115,99
P1,2018-01-01,0.01854065,7.8585,7.3515,2.533358491,3.711208907,2.542811321,2.913566434,0.500157633,97
P1,2018-01-08,0.013977334,5.444141566,5.076035714,2.612217899,3.552061224,2.652933071,3.72,0.661506695,88
P1,2018-01-15,0.14166327,4.973734177,4.566149068,2.717975709,3.6260625,2.652933071,3.72,0.171801882,85
P1,2018-01-22,0.5401588,4.74385061,4.96722973,2.785643154,3.664231579,2.981615044,3.72,0.028820938,83
P1,2018-01-29,0.649477603,5.769531646,5.662641892,4.303461538,3.54689083,4.264841772,3.72,0.3249269,81
P1,2018-02-05,0.676188397,5.620649007,5.74659507,4.421350303,5.153062733,4.4923,2.717446809,0.656250383,97
P1,2018-02-12,0.695624215,6.494628099,6.683181818,4.8764,5.763022,4.376689338,2.539249147,0.743016531,97
P1,2018-02-19,0.595381512,7.209633028,7.06875,4.8931,5.8017,4.410023443,2.583333333,0.926764574,97
P1,2018-02-26,0.522898754,7.553315534,7.207352941,4.909856419,5.76498038,4.377950545,2.890359712,0.994503421,97
P1,2018-03-05,0.313637448,7.62961165,7.278712871,4.860149832,5.6392524,4.362088406,3.72,0.385957967,97
P1,2018-03-12,0.13570459,7.62961165,7.278712871,4.9265,5.8017,4.4923,3.72,0.694699822,97
P1,2018-03-19,0.839449594,7.8585,7.3515,4.909743197,5.7320796,4.4756,2.655310345,0.202014331,97
P1,2018-03-26,0.737032847,7.8585,7.3515,4.9098,5.8017,4.4923,2.685920578,0.62890915,97
P1,2018-04-02,0.011166597,6.7797,6.393741279,4.9265,5.754912097,4.4923,2.638297872,0.034804609,97
P1,2018-04-09,0.891122676,6.735388235,5.260954787,3.542466555,5.6619,3.590436742,2.878727915,0.103524113,97
P1,2018-04-16,0.047045598,4.579721591,4.363982143,3.362798635,5.8017,3.468957529,3.72,0.269648861,95
P1,2018-04-23,0.702578456,4.547359756,4.210043478,3.374315068,5.8017,3.468957529,3.72,0.484065091,94
P1,2018-04-30,0.429955289,4.5198,4.279584375,3.457192982,5.8017,3.429236641,2.720989399,0.257359738,94
P1,2018-05-07,0.318327428,4.593292683,4.22675,3.506405694,5.8017,3.468957529,2.676258993,0.929075126,95
P1,2018-05-14,0.251553894,4.565454545,4.626577703,4.714354067,5.7784,4.278380952,2.695652174,0.966051944,96
P1,2018-05-21,0.813822649,7.106603774,6.587142857,4.9265,5.8017,4.4923,2.928510638,0.188919356,99
P1,2018-05-28,0.090673265,7.533,6.9165,4.9098,5.7784,4.4923,3.72,0.947919234,99
P1,2018-06-04,0.798777272,7.533,6.9165,4.9265,5.7784,4.4923,3.72,0.188658366,99
P1,2018-06-11,0.468092139,7.533,6.9165,4.9432,5.7784,4.4923,3.72,0.985766592,99
P1,2018-06-18,0.381096838,7.533,6.9165,4.9432,5.7552864,4.4923,3.72,0.991085148,99
P1,2018-06-25,0.075238334,7.533,6.9165,4.9265,4.975844444,4.4923,3.72,0.213825072,99
P1,2018-07-02,0.85807984,7.068,6.2205,3.677875768,3.5183,3.5404,3.72,0.251252257,99
P1,2018-07-09,0.90492511,4.9755,4.611,3.3233,3.480963855,3.348193633,3.72,0.027930776,95
P1,2018-07-16,0.05914751,4.65,4.35,3.368824658,3.480963855,3.343892481,3.72,0.105614905,95
P1,2018-07-23,0.888877429,4.65,4.35,3.420899654,3.523414634,3.53346917,2.5544,0.86181309,94
P1,2018-07-30,0.936941816,4.65,4.35,3.493427562,4.147177033,3.724865417,2.48,0.922571212,93
P1,2018-08-06,0.710635257,4.65,4.35,4.598325581,5.74013245,4.319519231,2.488294314,0.106037343,95
P1,2018-08-13,0.866238957,4.65,4.35,4.9432,5.7784,4.4923,2.496644295,0.953072191,98
P1,2018-08-20,0.514838382,4.65,4.35,4.9432,5.7784,4.5424,2.496644295,0.217480191,99
P1,2018-08-27,0.745809127,5.7195,5.307,4.92632901,5.665650732,4.8764,3.669955157,0.706968843,99
P1,2018-09-03,0.518256981,6.045,5.5245,4.841278351,5.032112177,4.859107801,3.72,0.086853215,99
P1,2018-09-10,0.072674776,5.166666667,5.115277778,4.909743197,5.002501767,4.909856419,3.72,0.839307566,98
P1,2018-09-17,0.478079923,5.166666667,5.115277778,4.859925676,4.646453488,4.9265,2.894887218,0.492400832,98
P1,2018-09-24,0.954411468,5.757142857,5.387528926,3.722251071,5.425609542,3.656783505,2.786516854,0.39792748,98
P1,2018-10-01,0.157973452,7.8585,7.2645,3.444601083,5.7784,3.404074653,2.786516854,0.705132361,92
P1,2018-10-08,0.829449425,6.882962069,6.497123239,3.520865314,5.7551,3.476501773,2.911304348,0.812930413,92
P1,2018-10-15,0.398108998,5.653597122,5.044791667,3.392776655,5.7784,3.557039711,3.72,0.378682063,92
P1,2018-10-22,0.562514598,6.045,5.503409091,3.571605839,5.731611336,3.609157509,3.72,0.434186031,93
P1,2018-10-29,0.518674806,5.998854962,5.421268657,4.55172093,5.731987149,4.647641509,2.913764259,0.388143643,92
P1,2018-11-05,0.625603484,5.998854962,5.421268657,4.8931,5.7784,4.9265,2.80754717,0.988170249,98
P1,2018-11-12,0.381370429,6.659745763,5.954508197,4.8931,5.7784,4.9265,2.88372093,0.124416497,99
P1,2018-11-19,0.516499164,7.8585,7.2645,4.8931,5.709335458,4.9265,3.057727273,0.808712824,99
P1,2018-11-26,0.58603701,7.8585,7.2645,4.8931,5.7321728,4.9265,3.72,0.568345373,99
P1,2018-12-03,0.594750544,7.8585,7.2645,4.8931,5.7784,4.9265,3.72,0.189081342,99
P1,2018-12-10,0.773281365,7.8585,7.2645,4.909856419,5.7551,4.8764,2.76,0.947258309,98
P1,2018-12-17,0.066955598,7.8585,7.2645,4.909743197,5.7784,4.9098,2.745387454,0.427847241,99
P1,2018-12-24,0.5657148,7.8585,7.2645,4.164670103,5.755193574,3.981830928,2.872586873,0.450556604,99
P1,2018-12-31,0.705977648,5.9055,5.5245,3.328716216,5.7784,3.386068966,3.117841727,0.720470816,98
P1,2019-01-07,0.227384493,4.65,4.35,3.328716216,5.7784,3.469823322,3.72,0.419605718,94
P1,2019-01-14,0.744838484,4.65,4.35,3.362798635,5.755193574,3.445473684,3.72,0.952852752,94
P1,2019-01-21,0.556739314,4.65,4.35,3.385910653,5.7784,3.677752809,3.72,0.112222604,93
P1,2019-01-28,0.28816324,4.65,4.35,4.122594142,5.7784,4.443257919,3.72,0.643320099,95
P1,2019-02-04,0.338375989,4.65,4.35,4.9265,5.754718033,4.9098,3.72,0.907997845,95
P1,2019-02-11,0.676533279,4.65,4.35,4.9265,3.760546032,4.9098,3.72,0.484601185,96
P1,2019-02-18,0.622083331,4.65,4.35,4.9265,3.480963855,4.9098,3.72,0.161801256,94
P1,2019-02-25,0.184036949,4.65,4.264705882,4.9265,3.495,4.9098,3.72,0.111362438,95
P1,2019-03-04,0.699079359,4.65,4.35,4.9265,3.495,4.9098,3.72,0.036705723,96
P1,2019-03-11,0.386052692,4.65,4.35,4.8686345,3.939818182,4.9098,3.72,0.877209279,96
P1,2019-03-18,0.771265892,4.65,4.306930693,4.087659,5.41725,3.9412,3.72,0.959248951,96
P1,2019-03-25,0.334717313,6.0915,5.6115,3.6239,5.7784,3.6907,3.72,0.263007797,98
P1,2019-04-01,0.170707204,7.7655,7.308,4.8096,5.683672131,4.484889711,3.72,0.100151971,99
P1,2019-04-08,0.173020655,7.8585,7.3515,4.8096,5.731611336,4.8263,2.549801325,0.050726265,99
P1,2019-04-15,0.005652006,7.8585,7.3515,4.843057192,5.7784,4.8263,2.488294314,0.790397419,99
P1,2019-04-22,0.198257741,7.8585,7.3515,4.8764,5.8017,4.8263,2.488294314,0.775634627,99
P1,2019-04-29,0.816865104,7.8585,7.3515,4.876456803,5.8017,4.8263,2.707755102,0.075098812,99
P1,2019-05-06,0.203014502,5.334254545,4.857241071,3.487986824,3.978308571,3.394497667,3.670891089,0.224636616,99
P1,2019-05-13,0.260110589,4.65,4.35,3.284182373,3.783717391,3.244708446,3.72,0.209092743,97
P1,2019-05-20,0.072690911,4.65,4.537962963,3.335434948,3.800240175,3.272067797,3.72,0.267856516,97
P1,2019-05-27,0.14463194,4.65,4.455454545,3.369297232,3.735,3.363275261,3.72,0.59108374,97
P1,2019-06-03,0.990275235,4.65,4.5946875,3.44584507,3.8678,3.955983607,3.72,0.727166516,97
P1,2019-06-10,0.47685291,7.07972973,6.870560748,4.704903846,5.306432927,4.731666667,2.6536,0.211080016,97
P1,2019-06-17,0.988708791,7.8585,7.3515,4.8931,5.8017,4.8263,2.488294314,0.839204336,97
P1,2019-06-24,0.206127911,7.8585,7.3515,4.8931,5.8017,4.8263,2.488294314,0.477363929,97
P1,2019-07-01,0.649587192,7.8585,7.3515,4.8931,5.8017,4.7929,2.7528,0.268613803,97
P1,2019-07-08,0.567829389,7.8585,7.3515,4.8931,5.8017,4.7929,3.72,0.178996025,99
P1,2019-07-15,0.759313892,7.8585,7.3515,4.9265,5.8017,4.9098,3.72,0.48638749,99
P1,2019-07-22,0.606931399,7.8585,7.278712871,4.9599,5.7784,4.9098,2.572474576,0.701668146,99
P1,2019-07-29,0.902409729,5.208,4.8285,4.9599,3.9144,4.9766,2.539249147,0.586756243,99
P1,2019-08-05,0.968454858,4.65,4.062735849,4.9933,3.495,4.9766,2.539249147,0.172953017,99
P1,2019-08-12,0.895092574,4.65,4.263861386,4.9933,3.495,4.9766,2.912455516,0.43814586,99
P1,2019-08-19,0.404463478,5.487,5.046368644,3.530616162,3.495,3.488580066,3.72,0.860477401,99
P1,2019-08-26,0.163966914,7.7655,7.0905,3.385288136,3.495,3.408630137,3.72,0.366669073,97
P1,2019-09-02,0.789642791,7.8585,7.1775,3.373851351,3.495,3.672767528,3.72,0.945827527,97
P1,2019-09-09,0.180958556,7.8585,7.221,3.396802721,3.253965517,3.784486692,3.72,0.494660542,96
P1,2019-09-16,0.84108581,7.8585,7.221,3.712490706,3.471543624,4.164518828,3.72,0.640528685,97
P1,2019-09-23,0.810180981,7.458915254,6.967631579,4.895392157,3.495,4.879019608,3.72,0.758544745,96
P1,2019-09-30,0.153316854,5.285776786,4.591387283,4.9933,3.3319,4.9766,3.72,0.853038684,97
P1,2019-10-07,0.593408546,4.595614035,4.247647059,4.9933,2.9125,4.9766,3.72,0.387312697,97
P1,2019-10-14,0.475866719,4.622647059,4.247647059,4.9933,2.9125,4.9766,3.72,0.106272237,96
P1,2019-10-21,0.456672412,4.18275,4.173988439,4.9933,2.93204698,4.9766,3.72,0.256022817,96
P1,2019-10-28,0.578933628,4.705688623,4.541509434,4.9933,2.93204698,4.9766,2.549801325,0.205854286,97
P1,2019-11-04,0.6506842,7.07972973,6.812264151,4.9683335,3.05506993,4.9766,2.48,0.405043789,97
P1,2019-11-11,0.805756022,7.8585,7.221,3.507,3.495,3.507078774,2.48,0.39098946,99
P1,2019-11-18,0.43217261,7.8585,7.221,4.9098,5.6153,4.9098,2.768372093,0.760964453,99
P1,2019-11-25,0.177071898,7.8585,7.221,4.9766,5.7784,4.9599,3.707641196,0.605626813,99
P1,2019-12-02,0.867311592,7.8585,7.221,4.960121927,5.7784,4.9766,3.72,0.460690183,99
P1,2019-12-09,0.895753421,7.8585,7.1775,4.9933,5.8017,4.959955853,2.658969072,0.624744484,99
P1,2019-12-16,0.874320846,7.812,7.1775,4.9933,5.8017,4.9766,2.610526316,0.609775593,99
P1,2019-12-23,0.738118193,5.2545,4.785,4.9766,5.8017,4.9933,2.539249147,0.663799662,98
P2,2017-01-02,0.829762554,1.6786,0.145,3.18921157,4.825,5.9302,2.688034661,0.465236961,81
P2,2017-01-09,0.299303565,1.6786,0.25367813,5.918291016,4.85,5.9302,2.688034661,0.750089197,83
P2,2017-01-16,0.170708292,1.6786,0.35,5.9648,4.85,5.9302,3.08783,0.826606757,83
P2,2017-04-10,0.060043653,1.6786,9.5655,5.9648,4.85,5.9302,4.3754,0.809485537,79
P2,2017-04-17,0.378176491,1.6786,10.48,4.820012048,4.85,5.9302,4.3754,0.924588561,77
P2,2017-04-24,0.029189195,1.6786,7.1775,4.437936735,4.85,5.9302,4.3754,0.68088488,78
P2,2017-07-03,0.497703365,1.6786,4.785,3.039855682,4.117010309,5.9302,4.3754,0.693142467,80
P2,2017-07-10,0.34077087,1.6786,0.145,2.479084962,4.392227979,5.9302,4.3754,0.040360643,81
P2,2017-07-17,0.068342068,1.6786,0.25367813,2.338759398,4.874742268,5.9302,3.460392395,0.981641466,81
P2,2017-09-25,0.198159239,1.54,0.35,6.3143,4.0921875,5.9302,4.3754,0.0649916,78
P2,2017-10-02,0.699700692,1.54,9.5655,3.75235041,4.3953125,5.9302,4.3587,0.113489086,83
P2,2017-10-09,0.152713705,1.54,10.48,3.071157588,4.85,5.890665333,3.436667308,0.602817808,83
P2,2017-11-20,0.689061871,1.54,7.1775,2.447403101,4.85,4.03414966,2.700442188,0.927507824,80
P2,2017-11-27,0.88442075,1.54,4.785,2.45692607,4.85,5.490925926,2.524269231,0.25612259,80
P2,2017-12-04,0.432601242,1.54,0.145,3.057712205,2.7645,5.9302,2.524269231,0.807860288,80
P2,2017-12-11,0.165573366,1.54,0.25367813,6.047156538,2.539267016,5.97,3.061050593,0.303042255,78
P2,2017-12-18,0.570419079,1.54,0.35,6.3143,2.635869565,5.97,4.3754,0.46735191,79
P2,2017-12-25,0.401893998,1.54,9.5655,3.120336,3.287222222,5.97,4.3754,0.335838782,80
P2,2017-01-23,0.418945514,1.6786,10.48,3.394601626,4.85,5.9302,4.3587,0.520203859,83
P2,2017-01-30,0.577519673,1.6786,0.35,2.994474494,4.85,5.9302,4.3587,0.299032717,78
P2,2017-02-06,0.731677404,1.66334,9.5655,2.946753785,4.825,5.9302,4.3754,0.06087512,77
P2,2017-02-13,0.634458556,1.6786,10.48,3.622348178,4.85,5.9302,4.3754,0.050579687,79
P2,2017-02-20,0.682036909,1.6786,0.35,5.9415,4.85,5.9302,3.520829688,0.219894338,79
P2,2017-02-27,0.448922035,1.6786,9.5655,5.9415,4.193229167,5.9302,3.395580695,0.11016624,80
P2,2017-03-06,0.937253973,1.6786,10.48,3.906359216,3.75,5.9302,3.395580695,0.556303374,80
P2,2017-03-13,0.220562079,1.6786,9.5655,3.536442688,4.117447917,5.9302,3.682769112,0.489775043,80
P2,2017-03-20,0.855672335,1.6786,10.48,3.536442688,4.85,5.9302,4.3754,0.535082927,79
P2,2017-03-27,0.616985148,1.6786,7.1775,4.3185152,4.85,5.9302,4.3754,0.253814293,79
P2,2017-04-03,0.185945142,1.6786,4.785,5.870494862,4.85,5.9302,4.3754,0.37725837,78
P2,2017-05-01,0.899655154,1.5862,0.145,4.43177459,4.85,5.9302,4.3754,0.220192363,77
P2,2017-05-08,0.135371303,1.54,0.25367813,4.963475309,4.322279793,5.9302,4.3754,0.680013373,79
P2,2017-05-15,0.239284105,1.54,0.35,5.917638554,4.070984456,5.9302,3.466663077,0.858381134,79
P2,2017-05-22,0.739287293,1.54,9.5655,5.9415,4.075,5.9302,3.36956092,0.118193478,79
P2,2017-05-29,0.044232045,1.554259259,9.5655,6.0813,4.47109375,5.9302,3.36956092,0.046111686,84
P2,2017-06-05,0.097662647,1.629708738,10.48,6.2211,4.9,5.9302,3.604256705,0.984607747,84
P2,2017-06-12,0.85715736,1.6786,7.1775,6.2211,4.9,5.9302,4.3754,0.991524421,84
P2,2017-06-19,0.446031111,1.6786,4.785,6.1978,4.540837696,5.9302,4.3754,0.054152394,84
P2,2017-06-26,0.58056516,1.6786,0.145,6.2211,4.232984293,5.9302,4.3754,0.132489156,81
P2,2017-07-24,0.218921329,1.5862,0.25367813,2.347584906,4.874742268,5.9302,3.32730038,0.85514592,81
P2,2017-07-31,0.297217564,1.54,0.35,3.3697625,4.032291667,5.9302,3.34,0.273226932,80
P2,2017-08-07,0.347480718,1.54,9.5655,6.2211,3.848167539,5.9302,3.634947692,0.642775111,78
P2,2017-08-14,0.53069719,1.54,10.48,6.2211,3.848167539,5.9302,4.3754,0.430605537,76
P2,2017-08-21,0.569561808,1.54,0.35,2.711140856,4.34973262,5.9302,4.3754,0.699165723,82
P2,2017-08-28,0.096792856,1.54,9.5655,2.374465649,4.9,5.9302,3.113265385,0.067291523,83
P2,2017-09-04,0.665022662,1.54,10.48,2.338792453,4.875,5.9302,2.933697318,0.87377407,83
P2,2017-09-11,0.980202074,1.54,0.35,2.945722433,4.231377551,5.9302,2.9225,0.062854634,82
P2,2017-09-18,0.902173421,1.54,9.5655,6.2444,4.0921875,5.890665333,3.294220077,0.084163994,77
P2,2017-10-16,0.287787937,1.54,10.48,3.119713439,4.85,5.9302,3.34,0.708452023,83
P2,2017-10-23,0.477641556,1.54,9.5655,3.818529249,4.058684211,4.309278667,3.405234375,0.893539719,83
P2,2017-10-30,0.925346863,1.54,10.48,6.290913704,3.808900524,3.98,3.561583658,0.548282722,78
P2,2017-11-06,0.647604226,1.54,7.1775,6.3143,3.849206349,3.98,4.34206374,0.171168206,77
P2,2017-11-13,0.954121673,1.54,4.785,2.863164372,4.25978836,3.98,4.3754,0.875674529,81
P2,2018-01-01,0.69248966,1.54,0.145,2.966487805,4.85,5.97,4.3754,0.233848649,80
P2,2018-01-08,0.788926254,1.54,0.25367813,3.338081633,4.85,5.97,4.3754,0.168657411,80
P2,2018-01-15,0.600592572,1.54,0.35,3.881141129,4.325,5.97,3.460392395,0.479002924,79
P2,2018-01-22,0.24560435,1.54,9.5655,6.265836,4.142708333,5.891447368,3.31469697,0.157233214,75
P2,2018-01-29,0.885052695,1.495145631,9.5655,6.001758621,4.142708333,5.97,3.31469697,0.644811276,77
P2,2018-02-05,0.73503416,1.524752475,10.48,4.397991968,4.469109948,4.359671053,3.680084496,0.69480794,81
P2,2018-02-12,0.706577364,1.54,7.1775,3.836546185,4.85,3.98,4.3754,0.114602749,80
P2,2018-02-19,0.975631847,1.54,4.785,2.5397,4.85,3.98,4.3754,0.446965633,80
P2,2018-02-26,0.957866823,1.54,0.145,2.612860082,4.3,4.006711409,3.534636863,0.234148156,80
P2,2018-03-05,0.084322241,1.54,0.25367813,2.555632411,4.121243523,4.006711409,3.404980545,0.492236329,77
P2,2018-03-12,0.492264533,1.54,0.35,2.570546559,4.075,5.47706422,3.404980545,0.337098984,76
P2,2018-03-19,0.520409637,1.54,9.5655,2.962570213,4.718206522,5.97,3.623378125,0.421628024,80
P2,2018-03-26,0.343043468,1.54,5.8017,5.8017,4.875,5.97,4.207760153,0.765736862,80
P2,2018-04-02,0.259080403,1.54,5.825,5.825,4.9,5.97,4.3754,0.319468455,80
P2,2018-04-09,0.159991211,1.54,5.825,5.825,4.309045226,5.97,3.605992771,0.812613375,79
P2,2018-04-16,0.664709871,1.54,2.9591,2.9591,4.112953368,5.97,3.490433068,0.625848455,77
P2,2018-04-23,0.210603389,1.54,0,2.552788845,4.029441624,5.97,3.490433068,0.149625213,75
P2,2018-04-30,0.626226482,1.54,0.8,2.624703557,4.475,5.97,3.778711694,0.767669048,80
P2,2018-05-07,0.424812044,1.54,0.8,4.68377551,4.9,5.97,4.3587,0.383190358,83
P2,2018-05-14,0.793471815,1.54,0.8,5.825,4.9,5.97,4.3587,0.573725905,83
P2,2018-05-21,0.684199581,1.54,0.8,5.825,4.422564103,5.97,3.4402,0.064823216,83
P2,2018-05-28,0.094811271,1.54,0.8,5.825,4.075,5.97,3.326798419,0.097242586,80
P2,2018-06-04,0.648495529,1.524752475,0.8,5.825,4.079187817,5.97,3.313700787,0.885636442,80
P2,2018-06-11,0.390485749,1.54,0.8,5.825,4.569948187,5.97,3.599956627,0.545713837,82
P2,2018-06-18,0.187935836,1.54,0.8,5.825,4.9,5.97,4.1917,0.672444444,82
P2,2018-06-25,0.692814182,1.54,0.8,3.968426295,4.9,5.97,4.1917,0.798924892,82
P2,2018-07-02,0.046841465,1.54,0.8,3.495,4.571649485,5.97,3.498549398,0.180872648,83
P2,2018-07-09,0.537301479,1.54,0.8,3.495,4.268556701,5.97,3.326798419,0.034871658,83
P2,2018-10-29,0.75566864,1.54,0.82,5.825,5.15,5.97,3.675908571,0.478500042,84
P2,2018-11-05,0.588209062,1.54,0.82,3.328571429,5.15,5.97,4.2084,0.728426469,84
P2,2018-11-12,0.855245295,1.54,0.82,3.495,5.15,5.97,4.2084,0.590660749,84
P2,2018-12-31,0.799818234,1.54,0.82,5.825,4.598342541,3.953642384,4.2084,0.23857347,84
P2,2019-01-07,0.005455782,1.54,0.82,2.409538153,5.075,4.6168,4.2084,0.21360894,84
P2,2019-01-14,0.161652689,1.54,0.82,2.33,5.075,5.930463576,3.4402,0.364265305,83
P2,2019-06-17,0.833115845,1.6016,0.82,5.825,3.676829268,5.618823529,4.2084,0.676229704,83
P2,2019-06-24,0.220091557,1.6016,0.82,5.825,3.244296117,5.8506,4.2084,0.28687633,84
P2,2019-07-01,0.71387703,1.617,0.82,5.825,3.121590909,5.813921569,3.481648193,0.674055991,90
P2,2019-09-16,0.129873918,1.617,0.82,3.805976096,1.489864865,5.97,3.515450602,0.50082529,97
P2,2019-09-23,0.015527701,1.617,0.82,4.279591837,3.675,5.97,3.370073307,0.504650273,96
P2,2019-09-30,0.412309662,1.617,0.82,4.628794643,3.7,5.97,3.3835536,0.981252808,96
P2,2018-07-16,0.356994206,1.54,0.8,3.495,4.207070707,5.97,3.326798419,0.621005641,84
P2,2018-07-23,0.446620848,1.54,0.8,4.177290837,4.772395833,5.97,3.5905,0.83415211,83
P2,2018-07-30,0.16511221,1.54,0.8,5.825,5.025,5.97,4.2084,0.996258447,82
P2,2018-08-06,0.690884908,1.54,0.8,5.825,5.05,5.97,4.2084,0.944726644,83
P2,2018-08-13,0.261664139,1.54,0.8,3.409756098,4.604411765,4.527583893,4.2084,0.160282368,82
P2,2018-08-20,0.777691028,1.54,0.82,2.935987903,4.275,4.853658537,4.2084,0.171716679,80
P2,2018-08-27,0.677973758,1.54,0.82,2.924196787,4.187804878,4.853658537,3.409968379,0.859976146,79
P2,2018-09-03,0.276778229,1.54,0.82,3.550697211,4.747,5.562954545,3.313700787,0.18877608,84
P2,2018-09-10,0.059591387,1.54,0.82,5.825,5.125,5.97,3.313700787,0.349309617,84
P2,2018-09-17,0.546888131,1.54,0.82,5.825,5.15,5.97,3.5237,0.433934007,84
P2,2018-09-24,0.081255676,1.54,0.82,3.403909465,4.396933962,5.930463576,4.175132016,0.976230073,84
P2,2018-10-01,0.484352781,1.54,0.82,2.935987903,4.154830918,5.97,4.2084,0.540602314,84
P2,2018-10-08,0.412086586,1.54,0.82,2.959857724,4.262068966,5.97,3.492801619,0.443483287,83
P2,2018-10-15,0.148991106,1.54,0.82,3.764939024,4.74408867,5.97,3.407611336,0.657793851,83
P2,2018-10-22,0.050614276,1.54,0.82,5.825,5.15,5.97,3.393870968,0.116165696,83
P2,2018-11-19,0.597460613,1.54,0.82,5.825,5.026201923,5.97,3.47067251,0.564112124,84
P2,2018-11-26,0.754869469,1.54,0.82,5.825,4.563613861,5.97,3.34,0.455931982,82
P2,2018-12-03,0.583806379,1.54,0.82,5.825,4.190686275,5.97,3.34,0.771137661,81
P2,2018-12-10,0.90007143,1.54,0.82,5.825,4.215931373,5.97,3.599956627,0.301406338,82
P2,2018-12-17,0.241895685,1.54,0.82,5.825,4.346410891,4.309470199,4.2084,0.845310385,83
P2,2018-12-24,0.192715369,1.54,0.82,5.825,4.25479798,3.953642384,4.2084,0.557011559,83
P2,2019-01-21,0.073936353,1.54,0.80047619,2.588888889,5.075,5.97,3.3567,0.000530648,83
P2,2019-01-28,0.112178108,1.54,0.82,3.016932271,4.522797927,4.230397351,3.3567,0.348895177,83
P2,2019-02-04,0.771505239,1.54,0.82,5.778585657,4.304450262,4.006711409,3.604804781,0.874377393,82
P2,2019-02-11,0.069082189,1.54,0.82,5.825,4.35,4.006711409,4.2084,0.693256058,82
P2,2019-02-18,0.215246563,1.54,0.82,5.8017,4.785714286,4.744370861,4.2084,0.439234939,84
P2,2019-02-25,0.470327575,1.54,0.82,5.825,5.1,5.97,3.856302789,0.516034765,84
P2,2019-03-04,0.076174467,1.54,0.82,5.825,5.1,5.97,3.742648221,0.168110041,84
P2,2019-03-11,0.646684587,1.54,0.82,5.825,4.536180905,5.97,3.7575,0.028297705,83
P2,2019-03-18,0.88609676,1.54,0.82,5.825,4.254271357,5.97,3.923368924,0.942951394,83
P2,2019-03-25,0.742572749,1.54,0.82,5.825,4.233,5.97,4.2084,0.608767512,83
P2,2019-04-01,0.625183391,1.54,0.82,5.825,4.595049505,5.97,4.2084,0.314854414,83
P2,2019-04-08,0.627977225,1.54,0.82,5.825,5.1,5.97,4.2084,0.13642098,83
P2,2019-04-15,0.63349933,1.54,0.82,5.249407115,5.1,5.97,4.2084,0.645204131,84
P2,2019-04-22,0.751589166,1.54,0.82,4.7998,4.475,5.97,4.2084,0.549767402,84
P2,2019-04-29,0.908850391,1.54,0.82,5.825,4.075,5.97,3.409968379,0.756343308,83
P2,2019-05-06,0.306234095,1.54,0.82,3.311794355,4.044827586,5.97,3.313700787,0.206285959,83
P2,2019-05-13,0.691919941,1.54,0.82,2.9937251,4.440298507,5.97,3.313700787,0.826046911,84
P2,2019-05-20,0.771430224,1.54,0.82,2.9125,5.1,5.97,3.564762353,0.048172764,83
P2,2019-05-27,0.06049204,1.54,0.82,3.495,5.1,5.97,3.949421538,0.000961691,83
P2,2019-06-03,0.715125428,1.54,0.82,4.530555556,4.514847716,5.97,4.0915,0.521912123,83
P2,2019-06-10,0.950476944,1.5862,0.82,5.801792829,4.234263959,5.97,4.2084,0.032356994,83
P2,2019-07-08,0.829390693,1.617,0.82,3.898804781,2.293004115,5.774901961,3.370073307,0.274770193,96
P2,2019-07-15,0.479140779,1.617,0.82,3.8212,2.590654206,5.9302,3.3567,0.448371092,97
P2,2019-07-22,0.588024102,1.617,0.82,4.427,3.451056338,5.930463576,3.6360576,0.853399149,98
P2,2019-07-29,0.622844622,1.617,0.82,5.825,4.463839286,5.97,4.2084,0.799089395,98
P2,2019-08-05,0.914456847,1.617,0.82,5.825,4.540344828,5.97,4.2084,0.630033314,98
P2,2019-08-12,0.925610875,1.617,0.82,5.825,4.95,5.97,4.2084,0.091447547,97
P2,2019-08-19,0.491592739,1.617,0.82,5.825,3.999861878,5.97,4.2084,0.593093898,97
P2,2019-08-26,0.888819137,1.617,0.82,3.976907631,3.286213235,5.97,4.2084,0.74722005,97
P2,2019-09-02,0.475791182,1.617,0.82,3.495,3.639230769,5.97,4.2084,0.019457531,96
P2,2019-09-09,0.885692386,1.617,0.82,3.495,3.75,5.97,4.2084,0.356952515,96
P2,2019-10-07,0.489093086,1.617,0.82,5.052624309,4.375,5.97,3.616857831,0.642694433,96
P2,2019-10-14,0.980280541,1.617,0.82,4.908707865,2.193914956,5.97,4.141864032,0.703582803,96
P2,2019-10-21,0.796748245,1.617,0.82,4.748641304,4.375,5.97,4.012660465,0.636051962,96
P2,2019-10-28,0.458814144,1.617,0.82,4.909642857,4.375,4.507959184,4.108988976,0.980096718,98
P2,2019-11-04,0.444688864,1.617,0.82,5.825,4.375,3.98,4.011898833,0.701623527,98
P2,2019-11-11,0.11746429,1.617,0.82,5.825,4.375,3.98,4.1917,0.985978629,98
P2,2019-11-18,0.83008766,1.617,0.82,3.922011952,4.375,4.704834437,4.1917,0.020871801,98
P2,2019-11-25,0.045842558,1.617,0.82,3.495,4.375,5.97,4.1917,0.316736618,98
P2,2019-12-02,0.162973508,1.617,0.82,3.495,4.375,5.97,4.1917,0.077480665,98
P2,2019-12-09,0.493700249,1.617,0.82,4.268522267,4.675,5.97,4.175,0.591123452,98
P2,2019-12-16,0.220447765,1.617,0.82,5.427309237,4.675,5.97,4.158366534,0.289516601,98
P2,2019-12-23,0.272848781,1.617,0.82,5.825,4.75,5.97,4.175,0.861146443,98
P3,2017-04-10,0.950131225,4.542475248,6,5.126,5.121910106,4.893,6.875475377,0.072838263,87
P3,2017-04-17,0.614457771,4.5879,6,5.126,5.1493,4.893,3.928641624,0.104771299,87
P3,2017-01-30,0.513070629,0.978211765,6,4.427,4.493934545,4.2639,6.9102,0.633733777,86
P3,2017-02-06,0.379101129,2.765243119,6,4.376995434,4.4611447,4.214066986,6.9102,0.03372774,85
P3,2017-02-13,0.087254236,4.1574,6,4.417336406,4.396890868,4.214066986,6.9102,0.388194476,85
P3,2017-01-02,0.309165781,4.1574,6,5.0561,5.0794,4.893,6.806201508,0.576973161,86
P3,2017-01-09,0.540667375,4.013212717,6,5.032906881,5.1027,4.893,6.840576263,0.737955659,86
P3,2017-01-16,0.995939757,4.1574,6,5.1027,5.126,4.893,6.8404,0.429598395,85
P3,2017-01-23,0.625401869,4.021698516,6,5.126,5.1493,4.893,6.9102,0.344309064,86
P3,2017-02-20,0.398489736,4.479808115,6,4.400401826,4.3571,4.214066986,6.806547,0.764271879,86
P3,2017-02-27,0.339696611,4.436650549,6,4.420587156,4.400310909,4.275436893,6.9102,0.842655841,85
P3,2017-03-06,0.628634797,2.300002639,6,5.072042105,5.042022917,4.812786885,6.9102,0.365535083,85
P3,2017-03-13,0.161257727,2.468489674,6,5.126,5.1493,4.893,6.9102,0.658186304,86
P3,2017-03-20,0.799172776,2.564584551,6,5.126,5.1493,4.893,6.9102,0.147261769,86
P3,2017-03-27,0.580257687,2.693192035,6,5.126,5.1493,4.893,6.9102,0.057539276,86
P3,2017-04-03,0.326616015,3.921282051,6,5.126,5.1493,4.893,6.8753,0.673362644,87
P3,2017-04-24,0.381902736,4.566854587,6,4.427,4.4736,4.2639,3.49,0.894704448,86
P3,2017-05-01,0.919603539,4.9077,6,4.427,4.427,4.194,3.472462312,0.273316973,86
P3,2017-05-08,0.70010588,4.9077,6,4.427,4.427,4.194,4.224889119,0.234946011,87
P3,2017-05-15,0.698033231,3.368982178,6.2,3.689166667,3.712223958,3.70196648,6.874395855,0.696658468,86
P3,2017-05-22,0.753688246,3.304848485,6.4,3.476701571,3.495,3.475690608,6.9102,0.419708069,87
P3,2017-05-29,0.393052764,3.973846154,6.4,3.495,3.495,3.475690608,6.840750754,0.530519268,87
P3,2017-06-05,0.063731496,3.901444964,6.4,4.166588235,4.099074074,4.029988827,6.8753,0.71898405,86
P3,2017-06-12,0.067515763,4.9077,6.4,5.126,5.1493,4.893,6.806026131,0.671552251,87
P3,2017-06-19,0.586731881,4.92,6.4,5.10280543,5.1726,4.893,6.840750754,0.194683421,87
P3,2017-06-26,0.270470194,2.872290503,6.4,5.1493,5.1726,4.869810427,6.9102,0.810688086,87
P3,2017-07-03,0.192639258,2.771830986,6.4,5.1726,5.1959,4.893,6.9102,0.012678066,87
P3,2017-07-10,0.003252608,2.928571429,6.4,5.1726,5.1959,4.893,6.737794,0.916572117,87
P3,2017-07-17,0.708641505,3.221946903,6.4,3.87945,3.867268037,3.755093023,6.8404,0.802976175,87
P3,2017-07-24,0.49907448,4.92,6.4,3.526772727,3.510743243,3.478436019,6.805852525,0.644916268,86
P3,2017-07-31,0.990141268,4.92,6.4,3.51081448,3.495,3.478436019,4.247567539,0.90129221,86
P3,2017-08-07,0.390702191,3.234018692,6.4,3.495,3.495,3.478436019,3.951321839,0.299221653,86
P3,2017-08-14,0.799606532,3.346938776,6.4,3.495,3.479397321,3.511722488,3.562331606,0.051763848,86
P3,2017-08-21,0.027675772,3.163987138,6.4,4.674036145,4.584617647,4.530555556,4.167927979,0.235149797,87
P3,2017-08-28,0.697620687,3.657631579,6.4,5.1726,5.1959,4.893,6.8753,0.596923637,87
P3,2017-09-04,0.276261391,4.748525469,6.4,5.1726,5.1959,4.893,6.8753,0.081655366,87
P3,2017-09-11,0.856937708,4.92,6.4,5.1726,5.1959,4.893,6.806201508,0.355670983,85
P3,2017-09-18,0.104501978,4.9077,6.4,4.681085973,4.66,4.401358852,6.8753,0.940066438,86
P3,2017-09-25,0.423731271,4.9077,6.4,4.306599095,4.306511712,4.0775,6.806201508,0.633163561,86
P3,2017-10-02,0.345307734,4.9077,6.4,4.306599095,4.306511712,4.0775,6.9102,0.073341788,86
P3,2017-10-09,0.476461356,3.742254902,6.4,4.22531267,4.2872,4.097009569,6.840750754,0.123354024,86
P3,2017-10-16,0.569763577,4.9077,6.4,4.2639,4.306776256,4.0775,6.9102,0.22882021,86
P3,2017-10-23,0.636904666,4.8708,6.4,4.716131818,4.73961809,4.554654255,6.8753,0.762903422,86
P3,2017-10-30,0.716691065,2.585061453,6.4,5.1027,5.126,4.893,6.9102,0.299011608,86
P3,2017-11-06,0.879359373,2.46,6.4,5.1959,5.2192,4.893,6.9102,0.363482447,86
P3,2017-11-13,0.828992216,2.46,6.4,5.1959,5.2192,4.893,6.875475377,0.019840229,86
P3,2017-11-20,0.749722735,2.877543027,6.4,3.902802715,3.967536652,3.839483254,6.9102,0.889615588,86
P3,2017-11-27,0.635282722,4.92,6.4,3.542659091,3.526486486,3.495,6.841098,0.362286319,86
P3,2017-12-04,0.885854132,4.92,6.4,3.542659091,3.526486486,3.511722488,6.9102,0.280353959,86
P3,2017-12-11,0.980663908,3.063952096,6.4,4.242523853,4.128967111,3.978420561,6.9102,0.248947166,87
P3,2017-12-18,0.062151112,3.302013423,6.4,5.1959,5.2192,4.893,6.875475377,0.028284653,87
P3,2017-12-25,0.68324129,3.358361775,6.4,5.1959,5.2192,4.893,6.8753,0.702617147,85
P3,2018-01-01,0.339894049,3.616277603,6.4,5.1959,5.2192,4.893,6.9102,0.289774825,87
P3,2018-01-08,0.753208152,4.92,6.4,5.2192,5.2425,4.893,6.9102,0.393960711,88
P3,2018-01-15,0.573236527,4.92,6.4,5.2192,5.2425,4.893,6.806547,0.775813915,87
P3,2018-01-22,0.504175002,4.92,6.4,5.2192,5.2425,4.893,6.9102,0.339961675,87
P3,2018-01-29,0.550483911,4.92,6.4,5.196003556,5.219303097,4.893,6.875475377,0.776212621,88
P3,2018-02-05,0.32437477,4.92,6.4,3.385427027,3.373434783,3.238362319,6.840750754,0.589826686,87
P3,2018-02-12,0.399881102,4.92,6.4,3.050491324,3.03638009,2.796,6.9102,0.074433912,86
P3,2018-02-19,0.614040275,4.92,6.4,3.060349091,3.074011364,2.796,6.9102,0.8914444,85
P3,2018-02-26,0.914534714,4.92,6.4,3.291387387,3.306081081,3.160550239,6.807062687,0.493278446,86
P3,2018-03-05,0.01174753,2.593960396,6.4,3.558545455,3.674649533,3.562864078,6.9102,0.610205251,86
P3,2018-03-12,0.074960916,2.963855422,6.4,4.773658537,4.824386503,4.828618421,6.840750754,0.226333257,86
P3,2018-03-19,0.048604916,2.631016043,6.4,5.2192,5.2425,4.893,6.9102,0.904029883,87
P3,2018-03-26,0.582188259,2.979896907,6.4,5.2192,5.2425,4.893,6.9102,0.588430927,87
P3,2018-04-02,0.672901627,4.495431472,6.4,5.2192,5.2425,4.893,6.602319802,0.212710773,87
P3,2018-04-09,0.823308633,4.865934066,6.4,4.315876923,4.44742891,4.073360406,6.407030097,0.513956252,87
P3,2018-04-16,0.452400807,4.92,6.4,4.095448804,4.268892857,3.688190955,6.416614286,0.338776868,87
P3,2018-04-23,0.357300646,4.92,6.4,4.056629384,4.273507109,3.688190955,6.875122843,0.582239199,87
P3,2018-04-30,0.960169847,3.504657534,6.4,4.349333333,4.448080952,4.0542,6.9102,0.056818412,87
P3,2018-05-07,0.75679952,3.84375,6.4,4.869588517,4.893109906,4.6367,6.9102,0.162857497,87
P3,2018-05-14,0.48245687,4.169491525,6.4,4.893,4.9163,4.66,6.9102,0.988624562,87
P3,2018-05-21,0.676890032,4.260948837,6.4,4.893,4.9163,4.66,6.9102,0.845323853,87
P3,2018-05-28,0.090283919,4.428,6.4,4.893,4.9163,4.66,6.8753,0.59093814,86
P3,2018-06-04,0.264020551,4.428,6.4,4.893,4.9163,4.66,6.9102,0.491522238,86
P3,2018-06-11,0.128642875,4.428,6.4,4.893,4.9163,4.66,6.9102,0.653195459,86
P3,2018-06-18,0.535415103,4.428,6.4,4.893,4.9163,4.66,6.8753,0.305665975,86
P3,2018-06-25,0.13864957,4.428,6.4,4.893,4.9163,4.66,6.9102,0.425244305,86
P3,2018-07-02,0.586241484,2.601762712,6.360248447,3.886485024,3.859525234,3.802189055,6.9102,0.533325966,86
P3,2018-07-09,0.982943115,2.523076923,6.4,3.495,3.528444976,3.495,6.9102,0.536768449,86
P3,2018-07-16,0.219336119,2.523076923,6.4,3.495,3.528444976,3.495,6.9102,0.374240411,86
P3,2018-07-23,0.502297277,2.604705882,6.4,3.9843,4.085041546,3.925418719,6.9102,0.413464167,87
P3,2018-07-30,0.667021507,2.776175549,6.4,4.893,4.9163,4.66,6.840750754,0.606095951,86
P3,2018-08-06,0.654417561,4.299029126,6.4,4.893,4.9163,4.66,6.840750754,0.380302905,87
P3,2018-08-13,0.996838974,4.428,6.4,4.022610577,4.108791787,3.879390863,4.201679397,0.104939843,86
P3,2018-08-20,0.667870392,4.428,6.4,3.829304348,3.834243541,3.495,3.49,0.025484991,87
P3,2018-08-27,0.157996411,4.428,6.4,4.214066986,4.29879372,3.990990099,3.49,0.688571895,87
P3,2018-09-03,0.98140562,4.428,6.4,4.893,4.9163,4.66,3.507715736,0.529300075,86
P3,2018-09-10,0.792227581,4.428,6.4,4.893,4.9163,4.66,3.695294118,0.523999669,84
P3,2018-09-17,0.508995465,2.697517241,6.4,3.862894737,3.836551869,3.903045685,5.806890756,0.275179389,84
P3,2018-09-24,0.174690569,2.627893175,6.4,3.528605769,3.528444976,3.495,6.853559016,0.495479141,85
P3,2018-10-01,0.601494913,2.589473684,6.320987654,3.545652174,3.545408654,3.495,6.8753,0.923801906,85
P3,2018-10-08,0.895413585,2.907136778,6.360248447,4.014160194,3.942316038,3.941293532,6.8753,0.291295921,86
P3,2018-10-15,0.858961195,4.428,6.4,4.893,4.893109906,4.66,6.7008,0.207376316,86
P3,2018-10-22,0.986766577,4.428,6.4,4.893,4.9163,4.66,6.8753,0.652703382,86
P3,2018-10-29,0.922473394,3.227450704,6.4,4.893,4.9163,4.66,6.80330733,0.228291245,86
P3,2018-11-05,0.009398893,3.162857143,6.4,4.869475962,4.892777033,4.66,6.805321026,0.665294779,85
P3,2018-11-12,0.631515467,3.500395257,6.4,4.893,4.9163,4.66,6.805140206,0.494800221,85
P3,2018-11-19,0.69515064,3.529328413,6.4,4.893,4.892889048,4.66,6.8404,0.078771991,84
P3,2018-11-26,0.408568459,4.428,6.320987654,4.893,4.9163,4.66,6.770954315,0.169264604,85
P3,2018-12-03,0.64071215,4.428,6.4,4.893,4.9163,4.66,6.8404,0.768018853,84
P3,2018-12-10,0.29191978,3.431291513,6.4,4.0542,4.163565072,3.779004975,6.8753,0.663025409,85
P3,2019-05-20,0.025799583,2.643965217,6.4,3.440883871,3.738651429,3.238362319,6.9102,0.18868968,86
P3,2019-05-27,0.715057085,3.085714286,6.4,3.1222,3.347286792,2.80937799,6.9102,0.234513576,84
P3,2019-07-15,0.086390088,3.486614173,6.4,3.850138813,3.9144,3.688190955,3.717988043,0.298326873,85
P3,2019-07-22,0.205443338,3.671214545,6.4,4.4037,4.406599078,4.097009569,3.580414508,0.136246492,86
P3,2019-07-29,0.790941187,4.428,6.4,5.0794,5.0328,4.893,3.599633508,0.31286452,86
P3,2018-12-17,0.231141981,3.486614173,6.4,3.782028986,3.899134483,3.495,6.8753,0.807759333,86
P3,2018-12-24,0.28191969,3.472941176,6.4,3.900217391,3.895039614,3.495,6.699909694,0.745014476,84
P3,2018-12-31,0.182675116,3.745488722,6.4,4.292915094,4.42467,4.232040816,6.698101546,0.125188093,86
P3,2019-01-07,0.277007541,4.428,6.4,4.893,4.9163,4.66,6.625936788,0.183718117,86
P3,2019-01-14,0.749100533,4.391404959,6.4,4.9862,4.9163,4.66,6.840042051,0.799958384,85
P3,2019-01-21,0.565676647,4.428,6.4,5.0328,5.0095,4.66,6.840042051,0.612220136,85
P3,2019-01-28,0.655583377,4.428,6.4,5.0328,5.0095,4.66,6.737103015,0.351486623,83
P3,2019-02-04,0.667823502,2.661775281,6.4,5.0561,5.0095,4.66,6.840221939,0.973436687,85
P3,2019-02-11,0.588726614,2.494647887,6.4,5.0794,5.0328,4.66,6.7706,0.975398472,84
P3,2019-02-18,0.911263168,2.487640449,6.4,5.0794,5.0328,4.63681592,6.702553769,0.600540885,84
P3,2019-02-25,0.139182236,2.654386921,6.4,4.040431818,4.14328186,3.755820896,6.635861692,0.573471077,86
P3,2019-03-04,0.383200099,4.428,6.4,3.8212,3.8678,3.495,6.8753,0.538363837,86
P3,2019-03-11,0.739074302,4.428,6.4,3.838809217,3.927465421,3.495,6.7034175,0.118346761,86
P3,2019-03-18,0.778623237,4.428,6.4,4.244430137,4.290635945,3.898712871,6.8055,0.842834343,86
P3,2019-03-25,0.888225414,4.428,6.4,5.0794,5.0328,4.66,6.770778061,0.70983872,86
P3,2019-04-01,0.920990225,4.428,6.4,5.0794,5.0328,4.66,6.736408629,0.627687332,86
P3,2019-04-08,0.630938766,4.428,6.4,4.105268493,4.1474,3.737227723,6.771305051,0.220247558,86
P3,2019-04-15,0.149553002,2.612022472,6.4,3.803751598,3.862381395,3.495,6.702210101,0.880037859,86
P3,2019-04-22,0.363748623,2.50878187,6.4,3.86675045,3.9377,3.495,6.771305051,0.189318016,84
P3,2019-04-29,0.052856568,2.748842697,6.4,4.337204566,4.3804,3.990990099,6.9102,0.144651509,86
P3,2019-05-06,0.251027527,4.415665738,6.4,5.0794,5.0095,4.8697,6.9102,0.502604055,86
P3,2019-05-13,0.29717202,4.379071823,6.4,5.0794,5.0328,4.893,6.9102,0.659000443,86
P3,2019-06-03,0.001329299,3.659504132,6.4,3.151109259,3.347286792,2.80937799,6.8753,0.416369306,84
P3,2019-06-10,0.30966457,3.642656604,6.4,3.677393665,3.9377,3.484770732,6.9102,0.359284449,86
P3,2019-06-17,0.803148859,4.428,6.4,5.0794,5.0328,4.893,6.7706,0.389096598,86
P3,2019-06-24,0.918964701,4.415734072,6.4,5.0794,5.0328,4.869810427,6.8753,0.197373958,86
P3,2019-07-01,0.152801815,3.369130435,6.4,4.143105069,4.155522936,3.829304348,6.8055,0.662845174,86
P3,2019-07-08,0.079040041,3.304477612,6.4,3.850138813,3.969532394,3.562864078,4.084847291,0.255489029,85
P3,2019-08-05,0.935569576,4.428,6.4,5.0794,5.0328,4.893,4.141746988,0.462301218,86
P3,2019-08-12,0.975203209,4.428,6.4,5.0794,5.0328,4.893,6.084336283,0.530445898,86
P3,2019-08-19,0.834194286,4.428,6.4,5.0794,5.0328,4.893,6.8753,0.363107946,85
P3,2019-08-26,0.118016133,2.722965517,6.4,2.994929245,3.033790654,2.844206897,6.8753,0.253141166,84
P3,2019-09-02,0.135424973,2.501694915,6.4,2.670858216,2.793324402,2.33,6.8753,0.219207969,83
P3,2019-09-09,0.931581309,2.537535817,6.4,2.65837757,2.6903447,2.33,6.8753,0.648974467,84
P3,2019-09-16,0.297569095,3.306623377,6.4,3.362750926,3.409316129,3.152221154,6.8753,0.453447712,86
P3,2019-09-23,0.768829743,4.428,6.4,5.0561,5.0328,4.893,6.8055,0.267465342,86
P3,2019-09-30,0.607457637,4.428,6.4,5.0328,5.0328,4.893,4.398473846,0.981015547,86
P3,2019-10-07,0.952515085,4.428,6.4,5.0561,5.0328,4.893,6.7357,0.079356856,86
P3,2019-10-14,0.748455823,4.391303867,6.4,5.0794,5.0328,4.893,6.8404,0.815423511,84
P3,2019-10-21,0.511722056,4.428,6.4,5.056206393,5.0328,4.893,6.8404,0.433177259,84
P3,2019-10-28,0.936896087,2.568729282,6.4,4.105268493,4.256714019,3.81607177,6.736757576,0.193116451,84
P3,2019-11-04,0.346639929,2.847588424,6.4,3.885623963,3.974500935,3.495,6.8055,0.515525618,82
P3,2019-11-11,0.135879825,2.651497006,6.4,3.885623963,4.011996226,3.495,6.806201508,0.082862627,83
P3,2019-11-18,0.644910885,3.064457143,6.4,4.337204566,4.320394521,3.9377,6.8404,0.240475864,85
P3,2019-11-25,0.622583659,4.428,6.56,5.0794,5.0328,4.893,6.8404,0.368856062,86
P3,2019-12-02,0.325693101,4.428,6.6,5.8716,5.0328,4.893,6.8753,0.355455781,86
P3,2019-12-09,0.650468382,3.456802974,6.6,4.657640506,4.273132075,3.81607177,6.8753,0.777719246,86
P3,2019-12-16,0.564408284,3.096503497,6.6,4.237763478,3.875019718,3.580243902,6.806201508,0.903620324,86
P3,2019-12-23,0.070247205,2.981818182,6.6,4.326442105,3.968169231,3.528605769,6.8753,0.246322105,86
P4,2017-09-18,0.01788955,4.9077,4,2.9925,2.646442953,3.013623529,4.175,0.496928467,90
P4,2017-09-25,0.369182062,4.9077,4,2.937423313,2.852,3.04,4.175,0.399096951,88
P4,2017-10-02,0.386698344,4.9077,4,2.867065868,3.72,2.89305136,3.593670886,0.958336717,88
P4,2018-01-08,0.55214757,4.92,4,2.66,3.72,2.66,3.380403226,0.288010603,87
P4,2018-01-15,0.229013922,4.92,4,2.66,3.72,2.667409471,3.566325403,0.780578648,89
P4,2018-01-22,0.325573768,4.92,4,2.674860335,3.6952,2.68988764,4.1917,0.47414988,90
P4,2018-04-23,0.021225662,4.92,4,4.788,3.72,4.693809836,4.175,0.440408464,90
P4,2018-04-30,0.719681098,3.504657534,4,3.37409396,2.679440559,3.403714286,2.223272358,0.27140628,90
P4,2018-05-07,0.789545596,3.84375,4,3.325,2.647686833,3.469565217,2.269021739,0.726675312,89
P4,2017-01-02,0.031098412,4.1574,3.801424051,4.6417,3.159138462,4.628438,2.940984188,0.689709128,90
P4,2017-01-09,0.756457295,4.013212717,4,4.655,3.72,4.589102833,2.9225,0.385997141,90
P4,2017-01-16,0.31514725,4.1574,4,2.817146974,3.72,2.84800472,2.947913043,0.859133143,90
P4,2017-01-23,0.857795354,4.021698516,4,2.66,3.72,2.754718101,3.138501316,0.99702736,89
P4,2017-01-30,0.462847352,0.978211765,4,3.052230539,2.680965517,3.006713134,3.693001181,0.030088543,88
P4,2017-02-06,0.436912135,2.765243119,4,4.761436944,2.547945205,4.748137047,3.803736078,0.986688626,87
P4,2017-02-13,0.890603437,4.1574,4,4.788,2.547945205,4.761436944,4.091768273,0.261600354,87
P4,2017-02-20,0.633854021,4.479808115,4,4.788,2.713561644,4.7747,4.091768273,0.039025565,90
P4,2017-02-27,0.617940063,4.436650549,4,4.788,3.72,4.788,4.124967068,0.705548514,90
P4,2017-03-06,0.328969079,2.300002639,4,4.7747,3.72,4.695923077,3.372211858,0.879641132,90
P4,2017-03-13,0.236207976,2.468489674,3.35,2.816470588,3.658410596,2.843701657,3.235625,0.907273407,90
P4,2017-03-20,0.295904179,2.564584551,3.125,2.674860335,3.72,2.66,3.286984127,0.316039353,89
P4,2017-03-27,0.811930534,2.693192035,3.125,2.66,3.72,2.66,3.755518644,0.068148022,90
P4,2017-04-03,0.520416762,3.921282051,3.125,2.984210526,2.677370242,2.964624658,4.1416,0.255550914,90
P4,2017-04-10,0.539919123,4.542475248,3.144654088,4.7747,2.601398601,4.774736842,4.1416,0.772415462,90
P4,2017-04-17,0.437806517,4.5879,3.703703704,4.788,2.556701031,4.788,4.1416,0.639829701,89
P4,2017-04-24,0.152503738,4.566854587,4,3.341959732,2.841666667,3.066634441,4.1583,0.480969321,89
P4,2017-05-01,0.455724188,4.9077,4,3.001880878,3.72,3.001880878,4.1583,0.19101583,89
P4,2017-05-08,0.012276899,4.9077,4,3.129411765,3.72,2.824778761,3.4235,0.885152424,89
P4,2017-05-15,0.299759906,3.368982178,4,3.311485484,3.695033557,3.148864865,3.34,0.476776632,90
P4,2017-05-22,0.012048653,3.304848485,4,4.7747,3.72,4.788,3.34,0.63745384,90
P4,2017-05-29,0.913506923,3.973846154,4,4.7747,3.72,4.788,3.408442623,0.06145484,89
P4,2017-06-05,0.143288788,3.901444964,3.55,4.761058,3.59961165,4.788,3.408442623,0.239566109,90
P4,2017-06-12,0.626819605,4.9077,3.375,4.286961828,3.72,4.748429752,4.056878049,0.485660917,89
P4,2017-06-19,0.140160769,4.92,3.375,4.5455144,3.72,4.788,4.119070755,0.393854888,89
P4,2017-06-26,0.52656385,2.872290503,3.375,2.793,2.650033445,2.856928177,4.107382041,0.163451643,88
P4,2017-07-03,0.341886521,2.771830986,3.396226415,2.674901961,2.496644295,2.66,4.0917672,0.893456035,88
P4,2017-07-10,0.972134247,2.928571429,3.802816901,2.66,2.48,2.652631579,3.4235,0.462310996,88
P4,2017-07-17,0.110156142,3.221946903,4,3.002928409,2.79,3.144358209,3.196183529,0.473535008,90
P4,2017-07-24,0.026989812,4.92,4,4.748247368,3.72,4.69642623,3.122708046,0.525046826,90
P4,2017-07-31,0.001524607,4.92,4,4.7747,3.72,4.709508197,3.5237,0.376160007,90
P4,2017-08-07,0.980995791,3.234018692,4,2.920992941,3.72,2.969412463,4.1583,0.880103079,90
P4,2017-08-14,0.589684257,3.346938776,4,2.7284,3.72,3.030379747,4.175,0.476390328,89
P4,2017-08-21,0.191490832,3.163987138,4,2.7284,3.72,2.901818182,3.403714859,0.135724251,88
P4,2017-08-28,0.417403887,3.657631579,4,3.541499338,2.6784,3.646490066,3.380566802,0.947627024,90
P4,2017-09-04,0.402925554,4.748525469,4,4.788,2.48,4.7747,3.450413223,0.894806891,90
P4,2017-09-11,0.773301241,4.92,4,4.788,2.48,4.788,3.501612903,0.352485174,90
P4,2017-10-09,0.553013253,3.742254902,4,3.075927273,3.72,3.410849498,3.479166667,0.307629855,90
P4,2017-10-16,0.705795974,4.9077,4,3.469565217,3.72,3.660550459,3.599137931,0.517057402,90
P4,2017-10-23,0.644568325,4.8708,4,4.788,3.72,4.788,3.664135021,0.519605832,90
P4,2017-10-30,0.627247966,2.585061453,4,3.69804878,3.346375546,3.677289113,4.175,0.764245387,90
P4,2017-11-06,0.664860329,2.46,3.974842767,3.503414634,3.234782609,3.451590361,4.1917,0.949227692,85
P4,2017-11-13,0.204366028,2.46,4,3.47516129,3.234782609,3.451590361,3.476043902,0.106320165,87
P4,2017-11-20,0.28896543,2.877543027,4,3.951073171,2.729596567,3.904815385,3.407886179,0.905934354,89
P4,2017-11-27,0.777487601,4.92,4,4.788,3.72,4.7747,3.366827309,0.462616132,89
P4,2017-12-04,0.624528899,4.92,4,4.788,3.72,4.788,3.585671084,0.600885128,90
P4,2017-12-11,0.178220997,3.063952096,2.802547771,4.788,2.396156584,4.788,4.1583,0.566000826,90
P4,2017-12-18,0.955878716,3.302013423,2.5,4.788,2.513513514,4.788,4.1917,0.524710066,89
P4,2017-12-25,0.104677084,3.358361775,2.5,4.788,2.420074349,4.788,3.464913306,0.058120243,86
P4,2018-01-01,0.557616903,3.616277603,3.57615894,2.7265,2.899217082,2.705684211,3.366827309,0.292329825,87
P4,2018-01-29,0.997658888,4.92,4,2.66,3.72,2.833136095,4.1917,0.961318139,89
P4,2018-02-05,0.237609413,4.92,4,4.788,2.5792,4.765730233,3.534024896,0.481219115,89
P4,2018-02-12,0.921695615,4.92,4,4.788,2.48,4.788,3.630434783,0.058073775,86
P4,2018-02-19,0.588467984,4.92,4,4.788,2.48,4.788,3.538135593,0.748026881,87
P4,2018-02-26,0.788080879,4.92,4,4.788,2.657142857,4.788,3.622933884,0.005934889,89
P4,2018-03-05,0.342989273,2.593960396,4,4.788,3.707641196,4.788,4.141733068,0.356767387,89
P4,2018-03-12,0.604957465,2.963855422,4,4.774736842,3.72,4.788,4.158366534,0.15099401,89
P4,2018-03-19,0.323774226,2.631016043,3.25,2.854128134,2.615426621,2.811789474,3.493367347,0.566678349,89
P4,2018-03-26,0.311654415,2.979896907,3,2.66,2.530612245,2.674860335,3.380566802,0.306759026,88
P4,2018-04-02,0.159266942,4.495431472,3,2.66,2.530612245,2.720454545,3.408163265,0.851074373,86
P4,2018-04-09,0.082348024,4.865934066,3.518987342,2.949513812,2.842394366,2.958876404,3.627459016,0.262616088,89
P4,2018-04-16,0.623180558,4.92,4,4.012290503,3.72,4.069121813,4.175,0.868245534,89
P4,2018-05-14,0.609600931,4.169491525,4,3.49830303,2.685920578,3.6594,2.372159091,0.919965615,89
P4,2018-05-21,0.326528667,4.260948837,4,4.788,2.949428571,4.788,2.802662037,0.491596131,90
P4,2018-05-28,0.090514134,4.428,4,4.788,3.72,4.7747,4.175,0.943200798,90
P4,2018-06-04,0.241687927,4.428,4,4.772093023,3.72,4.7747,4.175,0.954612516,90
P4,2018-06-11,0.197430444,4.428,4,3.99,3.72,3.99,4.1583,0.053403259,89
P4,2018-06-18,0.780911833,4.428,4,3.99,3.72,3.99,4.175,0.538733282,89
P4,2018-06-25,0.708552598,4.428,4,3.99,3.72,3.99,4.158366534,0.24016824,89
P4,2018-07-02,0.759266613,2.601762712,4,3.99,3.72,3.99,3.49888664,0.360658453,90
P4,2018-07-09,0.071361896,2.523076923,4,3.99,3.72,3.99,3.408163265,0.335680023,90
P4,2018-07-16,0.364744568,2.523076923,4,3.99,3.72,3.99,3.422131148,0.744245805,90
P4,2018-07-23,0.567034021,2.604705882,4,2.8063,2.570631229,2.774503311,3.634109312,0.251240429,89
P4,2018-07-30,0.998649423,2.776175549,4,2.668896321,2.48,2.66,4.175,0.141865771,87
P4,2018-08-06,0.550389131,4.299029126,4,2.668896321,2.48,2.66,4.175,0.702730878,87
P4,2018-08-13,0.326331995,4.428,4,3.012583893,2.48,2.965540541,4.175,0.365200284,87
P4,2018-08-20,0.063797795,4.428,4,3.99,2.513513514,3.99,4.175,0.529957549,86
P4,2018-08-27,0.275696651,4.428,4,2.815685619,3.72,2.817263514,4.175,0.0665921,90
P4,2018-09-03,0.076425843,4.428,4,3.5,3.72,3.677419355,3.412896825,0.261524535,90
P4,2018-09-10,0.845240891,4.428,4,3.955751073,3.72,3.920909091,3.34,0.356408197,90
P4,2018-09-17,0.160094866,2.697517241,4,3.99,2.631836735,3.99,3.34,0.244362817,89
P4,2018-09-24,0.850639954,2.627893175,4,3.99,2.530612245,3.99,3.353413655,0.107263154,87
P4,2018-10-01,0.62272345,2.589473684,4,3.99,2.539249147,3.99,3.730122951,0.902136815,87
P4,2018-10-08,0.726442965,2.907136778,4,2.825134228,2.7032,2.7797,4.175,0.128031525,90
P4,2018-10-15,0.605471924,4.428,4,2.668896321,3.72,2.677852349,4.175,0.789879629,90
P4,2018-10-22,0.873901236,4.428,4,2.668896321,3.72,2.686868687,4.175,0.707648331,90
P4,2018-10-29,0.874600462,3.227450704,4,3.0457,2.610305085,3.071340206,3.528869048,0.552654369,90
P4,2018-11-05,0.209036687,3.162857143,4,3.99,2.610526316,3.99,3.326693227,0.882512189,88
P4,2018-11-12,0.039367252,3.500395257,4,3.99,2.513513514,3.99,3.34,0.43700224,87
P4,2018-11-19,0.344196928,3.529328413,4,2.848080808,2.793217993,2.861515152,3.4736,0.382669971,89
P4,2018-11-26,0.699444629,4.428,4,2.668896321,3.72,2.686868687,4.175,0.793674031,90
P4,2018-12-03,0.248784928,4.428,4,2.668896321,3.72,2.686868687,4.158366534,0.702500227,90
P4,2018-12-10,0.972061146,3.431291513,3.229813665,2.942121212,2.605252525,3.0340625,4.175,0.342050967,89
P4,2018-12-17,0.730424317,3.486614173,3,3.99,2.496644295,3.99,4.175,0.526490321,89
P4,2018-12-24,0.865245114,3.472941176,3,3.99,2.496644295,3.99,3.809063745,0.450856607,88
P4,2018-12-31,0.388626878,3.745488722,3.483870968,2.811744966,2.952587413,2.809285714,3.34,0.041523595,87
P4,2019-01-07,0.447650845,4.428,4,2.651162791,3.72,2.695945946,3.34,0.860882312,88
P4,2019-01-14,0.513036688,4.391404959,3.316062176,3.077610922,3.72,3.200611511,3.34,0.705200547,89
P4,2019-01-21,0.666042581,4.428,4,3.99,3.72,3.99,3.380566802,0.398119135,89
P4,2019-01-28,0.422694754,4.428,4,3.99,3.72,3.99,3.971792035,0.747373533,89
P4,2019-02-04,0.014783166,2.661775281,4,2.823488372,3.72,2.810232558,4.175,0.241200775,89
P4,2019-02-11,0.408374601,2.494647887,4,2.66,3.72,2.677852349,4.175,0.517661647,89
P4,2019-02-18,0.876759099,2.487640449,4,2.66,3.72,2.668896321,3.4402,0.705790281,89
P4,2019-02-25,0.702730084,2.654386921,4,2.935785953,3.72,2.892080537,3.34,0.668738235,89
P4,2019-03-04,0.486911039,4.428,4,3.99,3.72,3.976744186,3.34,0.065402705,89
P4,2019-03-11,0.664965894,4.428,4,3.99,3.72,3.99,3.674,0.172343212,89
P4,2019-03-18,0.515492386,4.428,4,2.798355705,3.72,2.891707317,4.175,0.355739338,89
P4,2019-03-25,0.669535053,4.428,4,2.677852349,3.72,2.8,4.175,0.278217016,88
P4,2019-04-01,0.654845011,4.428,4,2.677852349,3.72,2.829787234,4.175,0.756243645,88
P4,2019-04-08,0.395249823,4.428,2.864516129,2.995904437,2.600267559,3.024,4.175,0.676643972,88
P4,2019-04-15,0.592624683,2.612022472,2.631578947,3.99,2.48,3.99,4.175,0.810905812,88
P4,2019-04-22,0.978061408,2.50878187,2.702702703,3.99,2.48,3.976744186,3.44312749,0.776540295,87
P4,2019-04-29,0.507840688,2.748842697,3.189873418,2.8290301,2.714594595,2.802341137,3.34,0.100990382,89
P4,2019-05-06,0.165573399,4.415665738,4,2.668896321,3.72,2.780487805,3.34,0.53775515,89
P4,2019-05-13,0.641822558,4.379071823,4,2.668896321,3.72,2.761245675,3.6406,0.423906958,90
P4,2019-05-20,0.476325235,2.643965217,3.742690058,3.055886288,3.72,3.100243902,4.175,0.663449391,90
P4,2019-05-27,0.565465109,3.085714286,4,3.99,3.72,3.976744186,4.175,0.393641976,89
P4,2019-06-03,0.523284577,3.659504132,4,3.99,3.72,3.99,4.175,0.402995557,89
P4,2019-06-10,0.775536864,3.642656604,4,2.821212121,2.676435644,2.826813559,4.158366534,0.666446156,88
P4,2019-06-17,0.565768305,4.428,4,2.668896321,2.48,2.705084746,4.141733068,0.090150158,86
P4,2019-06-24,0.990550709,4.415734072,3.950617284,2.668896321,2.48,2.695945946,4.158366534,0.764807922,87
P4,2019-07-01,0.580973868,3.369130435,4,2.985805369,2.793089701,3.048697183,4.175,0.194267016,89
P4,2019-07-08,0.470607611,3.304477612,4,3.99,3.72,3.99,4.175,0.581386593,89
P4,2019-07-15,0.786241656,3.486614173,4,3.99,3.72,3.99,3.604919679,0.700557123,89
P4,2019-07-22,0.664557724,3.671214545,3.47826087,3.99,2.592727273,3.99,3.380566802,0.312083097,89
P4,2019-07-29,0.785133343,4.428,3.279503106,3.99,2.496644295,3.99,3.394308943,0.51021077,88
P4,2019-08-05,0.635662227,4.428,3.3,3.99,2.496644295,3.99,3.754133065,0.458217046,88
P4,2019-08-12,0.60613789,4.428,3.652173913,2.8063,2.783758389,2.793,4.175,0.814087427,88
P4,2019-08-19,0.206037769,4.428,4,2.66,3.72,2.66,4.175,0.832081695,88
P4,2019-08-26,0.792371901,2.722965517,4,2.935016949,3.72,2.83852349,4.175,0.270646157,89
P4,2019-09-02,0.707010332,2.501694915,4,3.963576159,3.72,3.976744186,4.175,0.977787282,88
P4,2019-09-09,0.143967816,2.537535817,4,3.976744186,3.72,3.99,4.175,0.980671246,89
P4,2019-09-16,0.023665915,3.306623377,4,3.99,3.72,3.99,4.175,0.17881249,89
P4,2019-09-23,0.033922637,4.428,4,3.99,3.72,3.963576159,4.175,0.870839652,89
P4,2019-09-30,0.818231386,4.428,4,3.99,3.72,3.99,4.175,0.644196113,89
P4,2019-10-07,0.643930482,4.428,4,2.8462,3.707641196,2.861515152,4.175,0.788568357,89
P4,2019-10-14,0.44425114,4.391303867,4,2.66,3.72,2.66,4.175,0.567722091,87
P4,2019-10-21,0.206029034,4.428,4,2.66,3.72,2.66,4.175,0.372467098,87
P4,2019-10-28,0.241066003,2.568729282,4,2.866986755,2.5792,2.892080537,3.559561753,0.534524872,86
P4,2019-11-04,0.859475278,2.847588424,4,3.99,2.48,3.99,3.34,0.902870866,85
P4,2019-11-11,0.865149942,2.651497006,4,3.99,2.48,3.99,3.353413655,0.4007184,85
P4,2019-11-18,0.428686632,3.064457143,2.886075949,2.899307958,2.8024,2.826813559,3.353413655,0.441954332,86
P4,2019-11-25,0.359444451,4.428,2.559006211,2.8,3.72,2.695945946,3.353413655,0.8526853,86
P4,2019-12-02,0.321811952,4.428,2.518518519,2.79020979,3.72,2.705084746,3.938679245,0.430090032,87
P4,2019-12-09,0.059756013,3.456802974,2.543209877,3.157553957,2.62147651,3.020208333,4.175,0.095009209,86
P4,2019-12-16,0.948207195,3.096503497,2.615384615,3.82428115,2.522033898,3.812101911,4.175,0.730404459,87
P4,2019-12-23,0.505052547,2.981818182,3.582608696,3.99,2.496644295,3.99,4.175,0.771397845,87
P5,2017-01-02,0.600162624,2.501694915,6.36,1.839246769,4.825,6.95,2.709625301,0.04470476,78
P5,2017-01-09,0.129666213,2.537535817,6.36,1.905135135,4.85,6.95,2.696144578,0.01201387,79
P5,2017-01-16,0.224917979,3.306623377,6.36,1.668402367,4.85,6.95,3.096328745,0.022842489,80
P5,2017-01-23,0.890808335,4.428,6.36,2.130735759,4.85,6.95,4.342,0.122800968,79
P5,2017-01-30,0.929481181,4.428,6.36,5.227034005,4.85,6.95,4.342,0.787463206,69
P5,2017-02-06,0.277064455,4.428,6.36,5.2535,4.825,6.95,4.342,0.163516136,69
P5,2017-02-13,0.04782409,4.391303867,6.36,3.047610497,4.85,6.95,4.342,0.118284354,75
P5,2017-02-20,0.382713899,4.428,6.36,3.108579882,4.85,6.95,3.45003876,0.063183012,76
P5,2017-02-27,0.06771314,2.568729282,6.36,2.95971831,4.193229167,6.95,3.34,0.846444608,76
P5,2017-03-06,0.31238013,2.847588424,6.36,3.583405864,3.75,6.95,3.34,0.586924976,79
P5,2017-03-13,0.971434787,2.651497006,6.36,5.2402,4.117447917,6.95,3.709503937,0.098210033,80
P5,2017-03-20,0.120633756,3.064457143,6.166097561,4.97633693,4.85,6.95,4.342,0.728102264,80
P5,2017-03-27,0.3808117,4.428,6.36,5.214132,4.85,6.95,4.342,0.260740314,79
P5,2017-04-03,0.812879322,4.428,6.36,5.266833417,4.85,6.95,4.342,0.788352819,76
P5,2017-04-10,0.794608085,3.456802974,6.36,5.2934,4.85,6.95,4.342,0.181105115,78
P5,2017-04-17,0.426568383,3.096503497,6.36,5.2934,4.85,6.95,4.342,0.906857979,75
P5,2017-04-24,0.990344392,2.981818182,6.36,5.2934,4.85,6.95,4.342,0.936576792,76
P5,2017-05-01,0.159933449,2.501694915,6.36,5.2934,4.85,6.95,4.342,0.488764754,76
P5,2017-05-08,0.674452542,2.537535817,6.36,2.8196,4.322279793,6.95,4.342,0.10776461,79
P5,2017-05-15,0.08873392,3.306623377,6.36,2.673434343,4.070984456,6.95,3.483697674,0.033063473,79
P5,2017-05-22,0.541390618,4.428,6.36,2.700714286,4.075,6.95,3.34,0.982760685,80
P5,2017-05-29,0.191068512,4.428,6.36,2.800740741,4.47109375,6.95,3.3921875,0.294283931,80
P5,2017-06-05,0.744411971,4.428,6.36,4.123136761,4.9,6.95,3.651992248,0.920746281,80
P5,2017-06-12,0.426987139,4.391303867,6.36,5.2934,4.9,6.95,4.342,0.166643681,80
P5,2017-06-19,0.854940809,4.428,6.36,5.280032828,4.540837696,6.95,4.342,0.055757747,80
P5,2017-06-26,0.292886985,2.568729282,6.36,5.2934,4.232984293,7.45,4.342,0.95250141,76
P5,2017-07-03,0.233726836,2.847588424,6.36,5.2801,4.117010309,7.5,4.342,0.758479741,75
P5,2017-07-10,0.028614446,2.651497006,6.36,2.861660406,4.392227979,7.5,4.342,0.160355499,80
P5,2017-07-17,0.933069128,3.064457143,6.36,2.666801519,4.874742268,7.5,3.4569,0.553939993,80
P5,2017-07-24,0.799486447,4.428,6.36,2.701130848,4.874742268,7.5,3.34,0.884663442,80
P5,2017-07-31,0.506413465,4.428,6.36,3.0966,4.032291667,7.5,3.34,0.244837328,79
P5,2017-08-07,0.248431182,3.456802974,6.36,5.253160714,3.848167539,7.5,3.70248062,0.68583016,73
P5,2017-08-14,0.861112214,3.096503497,6.36,2.459590886,3.848167539,7.5,4.342,0.293160615,71
P5,2017-08-21,0.041935706,2.981818182,6.36,4.490341453,4.34973262,7.5,4.342,0.633674242,80
P5,2017-08-28,0.475579066,2.501694915,6.36,5.266313838,4.9,7.5,3.0895,0.237119544,80
P5,2017-09-04,0.796402571,2.537535817,6.36,5.253365316,4.875,7.5,2.933783784,0.650120701,80
P5,2017-09-11,9.33E-05,3.306623377,6.36,2.448166667,4.231377551,7.5,2.933783784,0.770855493,79
P5,2017-09-18,0.68961845,4.428,6.36,2.693928571,4.0921875,7.5,3.294513619,0.672125021,69
P5,2017-09-25,0.198830421,4.428,6.36,2.774827327,4.0921875,7.5,4.342,0.359213082,69
P5,2017-10-02,0.479983197,4.428,6.36,2.88738102,4.3953125,7.5,4.308854962,0.301160563,80
P5,2017-10-09,0.740157012,4.391303867,6.36,5.186693077,4.85,7.5,3.470247104,0.764365085,80
P5,2017-10-16,0.540824177,4.428,6.36,5.199887597,4.85,7.5,3.365891473,0.896918846,80
P5,2017-10-23,0.203027689,2.568729282,6.36,3.047838147,4.058684211,7.5,3.3921875,0.63966397,79
P5,2017-10-30,0.114841111,2.847588424,6.4,3.02132948,3.808900524,7.5,3.609819608,0.268004461,67
P5,2017-11-06,0.467631368,2.651497006,6.4,3.032516327,3.849206349,7.5,4.342,0.666973786,67
P5,2017-11-13,0.22223369,3.064457143,6.4,3.248763812,4.25978836,7.450331126,4.342,0.130756698,80
P5,2017-11-20,0.862452524,4.428,6.4,5.201909136,4.85,7.5,2.690337255,0.882030561,80
P5,2017-11-27,0.796288799,4.428,6.4,5.3067,4.85,7.5,2.544140625,0.924335556,80
P5,2017-12-04,0.135327226,3.456802974,6.4,2.583890576,2.7645,7.5,2.544140625,0.141400606,79
P5,2017-12-11,0.198362554,3.096503497,6.4,2.523566576,2.539267016,7.5,3.036007813,0.238958744,70
P5,2017-12-18,0.952903147,2.981818182,6.4,2.601323529,2.635869565,7.5,4.342,0.209320525,77
P5,2017-12-25,0.546055835,2.501694915,6.4,3.095575,3.287222222,7.5,4.342,0.63862089,79
P5,2018-01-01,0.245680233,2.537535817,6.4,5.253633,4.85,7.5,4.342,0.789643526,80
P5,2018-01-08,0.36441484,3.306623377,6.4,5.3067,4.85,7.5,4.342,0.236380682,80
P5,2018-01-15,0.682004387,4.428,6.4,3.409152727,4.325,7.5,3.497252918,0.761512637,79
P5,2018-01-22,0.667270916,4.428,6.4,3.296086957,4.142708333,7.5,3.327203065,0.196597791,70
P5,2018-01-29,0.825867397,4.428,6.4,3.058616715,4.142708333,7.450331126,3.365891473,0.900310942,70
P5,2018-02-05,0.406102844,4.391303867,6.4,3.574218529,4.469109948,7.5,3.649307393,0.522399093,80
P5,2018-02-12,0.835735556,4.428,6.4,5.3067,4.85,7.5,4.325363985,0.344265797,80
P5,2018-02-19,0.64299381,2.568729282,6.4,5.3067,4.85,7.5,4.342,0.208743907,80
P5,2018-02-26,0.074486616,2.847588424,6.4,5.3067,4.3,7.5,3.552545455,0.939852429,78
P5,2018-03-05,0.691470745,2.651497006,6.4,5.3067,4.121243523,7.5,3.487550201,0.163992114,71
P5,2018-03-12,0.861647857,3.064457143,6.4,5.2934,4.075,7.5,3.418897638,0.519994237,69
P5,2018-03-19,0.026764679,4.428,6.4,3.003792453,4.718206522,7.5,3.672679842,0.179761832,79
P5,2018-03-26,0.440526224,4.428,6.4,2.876260163,4.875,7.5,4.175,0.722862556,79
P5,2018-04-02,0.954261832,3.456802974,6.4,3.041088825,4.9,7.5,4.324701195,0.273958949,79
P5,2018-04-09,0.497919611,3.096503497,6.4,3.207030081,4.309045226,7.5,3.63598374,0.374623426,78
P5,2018-04-16,0.872092426,2.981818182,6.4,5.3067,4.112953368,7.5,3.515789474,0.907551714,73
P5,2018-04-23,0.351189981,0,6.4,5.3067,4.029441624,7.5,3.515789474,0.959832618,71
P5,2018-04-30,0.335047042,0.8,6.4,5.253897015,4.475,7.5,3.889708333,0.248252529,80
P5,2018-05-07,0.742762989,0.8,6.4,5.29343325,4.9,7.5,4.324701195,0.933121997,80
P5,2018-05-14,0.850676753,0.8,6.4,5.3067,4.9,7.5,4.342,0.87378496,80
P5,2018-05-21,0.474255834,0.8,6.4,5.293332997,4.422564103,7.5,3.465080972,0.801883258,80
P5,2018-05-28,0.428457446,0.8,6.4,5.2934,4.075,7.5,3.380566802,0.033378006,76
P5,2018-06-04,0.510053528,0.8,6.4,5.3067,4.079187817,7.5,3.408163265,0.934809751,76
P5,2018-06-11,0.376997267,0.8,6.4,5.293332997,4.569948187,7.352941176,3.695901639,0.327161251,78
P5,2018-06-18,0.29339846,0.8,6.359235669,5.280033166,4.9,7.352941176,4.175,0.573107742,78
P5,2018-06-25,0.482160522,0.8,6.319496855,5.3067,4.9,7.44966443,4.175,0.608663882,78
P5,2018-07-02,0.119908513,0.8,6.4,5.3067,4.571649485,7.5,3.501612903,0.024828682,80
P5,2018-07-09,0.455669997,0.8,6.36,5.3067,4.268556701,7.5,3.353413655,0.833452324,80
P5,2018-07-16,0.570128834,0.8,6.4,5.3067,4.207070707,7.5,3.353413655,0.573919747,80
P5,2018-07-23,0.883586815,0.8,6.4,3.275351929,4.772395833,7.5,3.5738,0.632121113,80
P5,2018-07-30,0.856581537,0.8,6.4,3.573535354,5.025,7.5,4.175,0.728776162,77
P5,2018-08-06,0.632062627,0.8,6.4,2.981292135,5.05,7.5,4.175,0.445482188,80
P5,2018-08-13,0.61176984,0.8,6.360248447,3.255370588,4.604411765,7.5,4.175,0.472956343,79
P5,2018-08-20,0.165983228,0.82,6.4,5.3067,4.275,7.5,4.175,0.906908958,74
P5,2018-08-27,0.31770995,0.82,6.4,5.3067,4.187804878,7.5,3.379761905,0.125884654,75
P5,2018-09-03,0.743593601,0.82,6.4,3.136452941,4.747,7.5,3.34,0.233376841,83
P5,2018-09-10,0.323620158,0.82,6.4,2.884076087,5.125,7.395833333,3.34,0.495474325,84
P5,2018-09-17,0.860099182,0.82,6.4,2.915769231,5.15,6.428571429,3.535282258,0.10031315,84
P5,2018-09-24,0.346472506,0.82,6.4,3.260038843,4.396933962,4.464285714,4.175,0.184490862,84
P5,2018-10-01,0.271996788,0.82,6.4,5.3067,4.154830918,3.874172185,4.175,0.988388275,84
P5,2018-10-08,0.618219941,0.82,6.4,5.2934,4.262068966,3.9,3.451108871,0.854246187,82
P5,2018-10-15,0.42742529,0.82,6.4,5.2269,4.74408867,4.295454545,3.353413655,0.716636899,81
P5,2018-10-22,0.769371333,0.82,6.4,5.226933671,5.15,3.013392857,3.353413655,0.500311482,81
P5,2018-10-29,0.080610248,0.82,6.4,5.2934,5.15,7.429245283,3.58340081,0.882254868,84
P5,2018-11-05,0.431341652,0.82,6.4,5.2934,5.15,7.5,4.141865079,0.600883549,84
P5,2018-11-12,0.907482593,0.82,6.4,2.786701763,5.15,7.272727273,4.175,0.805175862,84
P5,2018-11-19,0.725406892,0.82,6.4,2.666700252,5.026201923,7.5,3.467943548,0.275116631,83
P5,2018-11-26,0.094621067,0.82,5.807407407,2.666700252,4.563613861,3.746783626,3.366935484,0.462556252,77
P5,2018-12-03,0.24691956,0.82,5.594968553,3.188795181,4.190686275,7.1,3.366935484,0.308765206,75
P5,2018-12-10,0.669594643,0.82,5.594968553,3.426148867,4.215931373,6.3,3.600303644,0.447980099,73
P5,2018-12-17,0.097781537,0.82,5.57037037,5.139223301,4.346410891,6.3,4.175,0.494372321,79
P5,2018-12-24,0.347856179,0.82,5.474698795,5.267828019,4.25479798,7.5,4.175,0.812135371,80
P5,2018-12-31,0.837763092,0.82,5.936842105,5.2934,4.598342541,7.5,4.175,0.706188991,84
P5,2019-01-07,0.386133438,0.82,6.097297297,5.2934,5.075,7.5,4.175,0.235447619,84
P5,2019-01-14,0.939512242,0.82,6.095238095,5.2934,5.075,7.5,3.409860558,0.780115766,84
P5,2019-01-21,0.842301903,0.80047619,6.095238095,5.238546114,5.075,7.5,3.34,0.922283994,83
P5,2019-01-28,0.573623697,0.82,6.097297297,5.279757216,4.522797927,7.5,3.34,0.310281965,83
P5,2019-02-04,0.766078862,0.82,6.136986301,5.239994859,4.304450262,7.5,3.631910569,0.654472575,77
P5,2019-02-11,0.158420471,0.82,5.975838926,3.07456743,4.35,7.5,4.175,0.926600942,76
P5,2019-02-18,0.558943533,0.82,5.601891892,2.640016414,4.785714286,7.5,4.175,0.607254909,82
P5,2019-02-25,0.189770821,0.82,5.3392,2.757742782,5.1,7.5,3.8243,0.663074135,84
P5,2019-03-04,0.62377465,0.82,5.411351351,2.870765027,5.1,7.5,3.7575,0.349673901,83
P5,2019-03-11,0.011731618,0.82,5.844155844,4.093817819,4.536180905,7.5,3.7575,0.004098938,83
P5,2019-03-18,0.444503233,0.82,6.4,5.2535,4.254271357,7.5,3.906726908,0.864241323,82
P5,2019-03-25,0.066241888,0.82,6.4,5.2535,4.233,7.5,4.175,0.657172364,82
P5,2019-04-01,0.278943134,0.82,6.4,5.2668,4.595049505,0,4.175,0.354283459,82
P5,2019-04-08,0.175922674,0.82,6.4,5.213465316,5.1,7.5,4.175,0.723443291,82
P5,2019-04-15,0.834319426,0.82,6.4,5.188191045,5.1,0,4.175,0.39606214,83
P5,2019-04-22,0.887789576,0.82,6.4,5.098158621,4.475,0,4.175,0.706380149,84
P5,2019-04-29,0.357117812,0.82,6.4,5.2934,4.075,0,3.4235,0.941066786,84
P5,2019-05-06,0.613360477,0.82,6.4,5.3067,4.044827586,0,3.326693227,0.907811073,84
P5,2019-05-13,0.417268264,0.82,6.4,5.29343325,4.440298507,0,3.326693227,0.925690028,83
P5,2019-05-20,0.190288542,0.82,6.282208589,5.3067,5.1,7.5,3.609462151,0.666100317,82
P5,2019-05-27,0.814753814,0.82,6.4,5.32,5.1,7.5,4.141733068,0.486793273,82
P5,2019-06-03,0.039214401,0.82,6.4,2.913969849,4.514847716,7.5,4.1583,0.084201887,82
P5,2019-06-10,0.885568505,0.82,6.4,2.66,4.234263959,7.5,4.175,0.648045429,80
P5,2019-06-17,0.765429392,0.82,6.4,2.700507614,3.676829268,7.5,4.175,0.241478247,81
P5,2019-06-24,0.749322008,0.82,6.4,3.336725441,3.244296117,7.5,4.175,0.496880037,83
P5,2019-07-01,0.679191492,0.82,6.4,3.62241206,3.121590909,7.5,3.409860558,0.887644844,83
P5,2019-08-26,0.537441346,0.82,6.4,2.95848525,3.286213235,7.5,4.175,0.974191136,82
P5,2019-07-08,0.170741431,0.82,6.4,4.389,2.293004115,7.5,3.34,0.193283256,82
P5,2019-07-15,0.487126517,0.82,6.4,5.281167883,2.590654206,7.5,3.34,0.421203096,83
P5,2019-07-22,0.323926439,0.82,6.4,5.32,3.451056338,7.5,3.5738,0.660903045,82
P5,2019-07-29,0.138111574,0.82,6.4,5.32,4.463839286,7.5,4.175,0.147941125,83
P5,2019-08-05,0.443344697,0.82,6.4,2.84,4.540344828,7.5,4.175,0.118009231,83
P5,2019-08-12,0.779663775,0.82,6.4,2.66,4.95,7.5,4.175,0.215417081,82
P5,2019-08-19,0.856276194,0.82,6.4,2.686868687,3.999861878,7.5,4.175,0.962500416,82
P5,2019-09-02,0.874318953,0.82,6.4,5.3067,3.639230769,7.5,4.175,0.083137148,82
P5,2019-09-09,0.579143763,0.82,6.4,5.32,3.75,7.5,4.175,0.415847406,82
P5,2019-09-16,0.977200837,0.82,6.4,2.971276596,1.489864865,7.5,3.4569,0.855674227,82
P5,2019-09-23,0.912057655,0.82,6.4,2.947368421,3.675,7.5,3.34,0.717509134,82
P5,2019-09-30,0.098866729,0.82,6.4,2.963788301,3.7,7.5,3.34,0.867856972,82
P5,2019-10-07,0.728854587,0.82,6.4,3.200650407,4.375,7.5,3.571385542,0.259216078,82
P5,2019-10-14,0.63723761,0.82,6.4,4.700455696,2.193914956,7.5,4.175,0.398041362,82
P5,2019-10-21,0.86732179,0.82,6.4,5.32,4.375,7.5,4.175,0.561105967,82
P5,2019-10-28,0.266762905,0.82,6.56,3.259653179,4.375,7.5,4.175,0.399852666,83
P5,2019-11-04,0.662276649,0.82,6.6,3.093023256,4.375,7.5,4.175,0.220075288,83
P5,2019-11-11,0.824098818,0.82,6.6,3.129411765,4.375,7.5,4.175,0.281868923,83
P5,2019-11-18,0.949773684,0.82,6.6,3.360793201,4.375,7.5,4.175,0.744124221,83
P5,2019-11-25,0.374133458,0.82,6.6,5.32,4.375,7.5,4.175,0.39969333,82
P5,2019-12-02,0.484017015,0.82,6.6,5.3048,4.375,7.5,4.175,0.953126412,82
P5,2019-12-09,0.790638442,0.82,6.6,2.838742775,4.675,7.5,4.175,0.199702285,83
P5,2019-12-16,0.622347138,0.82,6.6,2.78742515,4.675,7.5,4.175,0.209505124,82
P5,2019-12-23,0.429053421,0.82,6.6,2.746312684,4.75,7.5,4.175,0.204495718,82
P6,2017-01-02,0.735023073,2.030296154,1.188390338,2.030296154,1.188390338,2.542637313,6.98,0.777038038,89
P6,2017-01-09,0.729639121,4.7614,4.5619,4.7614,4.5619,2.508104089,6.98,0.36160003,89
P6,2017-01-16,0.226714401,4.9476,4.8545,4.9476,4.8545,2.508104089,6.98,0.5502773,89
P6,2017-01-23,0.05474934,2.804938583,2.811184987,2.804938583,2.811184987,2.81629053,6.98,0.089375342,89
P6,2017-01-30,0.518700942,2.583603133,2.616981132,2.583603133,2.616981132,4.409356667,6.98,0.402193342,90
P6,2017-02-06,0.119831043,2.576875,2.645504087,2.576875,2.645504087,4.4756,6.98,0.301346037,90
P6,2017-02-13,0.832659227,2.730152332,2.82955663,2.730152332,2.82955663,4.458962082,6.98,0.908588488,90
P6,2017-02-20,0.289275294,5.027539267,5.1072,5.027539267,5.1072,4.4923,6.98,0.287769749,90
P6,2017-02-27,0.50692391,5.14713419,5.13393641,5.14713419,5.13393641,4.4923,6.98,0.441275431,90
P6,2017-03-06,0.892197424,3.00118,3.101879781,3.00118,3.101879781,4.4923,6.98,0.582871219,91
P6,2017-03-13,0.762647217,2.680727273,2.752213333,2.680727273,2.752213333,4.425747407,6.98,0.701296752,92
P6,2017-03-20,0.297289772,2.673782383,2.759572193,2.673782383,2.759572193,4.425992989,6.98,0.528457315,91
P6,2017-03-27,0.897492498,2.660413472,2.731169149,2.660413472,2.731169149,4.44201306,6.98,0.980077675,91
P6,2017-04-03,0.772770378,2.653539018,2.790542391,2.653539018,2.790542391,4.409720956,6.98,0.041757365,91
P6,2017-04-10,0.506128488,4.670045249,4.822803738,4.670045249,4.822803738,4.377533212,6.98,0.778996842,92
P6,2017-04-17,0.860881643,5.1604,5.1604,5.1604,5.1604,4.4923,6.98,0.683283508,94
P6,2017-04-24,0.193269304,5.120084375,5.1604,5.120084375,5.1604,4.4589,6.98,0.899945634,95
P6,2017-05-01,0.499431832,5.093728165,5.015592857,5.093728165,5.015592857,4.475474906,6.98,0.516884143,95
P6,2017-05-08,0.858266152,4.64436,4.591060094,4.64436,4.591060094,4.4923,6.98,0.617234682,95
P6,2017-05-15,0.067257387,4.726231731,4.694615677,4.726231731,4.694615677,4.4923,6.98,0.186859131,92
P6,2017-05-22,0.635781445,5.13386838,5.1471,5.13386838,5.1471,4.4756,6.98,0.121537706,92
P6,2017-05-29,0.475402796,3.036516667,2.931724485,3.036516667,2.931724485,3.637472659,6.98,0.676352058,92
P6,2017-06-05,0.843143625,2.709,2.723333333,2.709,2.723333333,3.327583643,6.98,0.557295356,91
P6,2017-06-12,0.319708063,2.701889764,2.673818182,2.701889764,2.673818182,3.327583643,6.98,0.047859639,92
P6,2017-06-19,0.909764063,2.947129839,3.001306267,2.947129839,3.001306267,3.507,6.98,0.492531545,91
P6,2017-06-26,0.055535662,2,5.081280307,5.081111538,5.081280307,4.4756,6.945273632,0.082080199,91
P6,2017-07-03,0.247845658,0,5.2003,5.134639646,5.2003,4.458962082,6.98,0.015527917,93
P6,2017-07-10,0.567899458,0,0.567899458,3.298476,3.204666667,4.4756,6.98,0.598209125,93
P6,2017-07-17,0.402849842,0,0.402849842,2.980114613,2.841693989,4.4756,6.98,0.778821707,94
P6,2017-07-24,0.112720003,2,0.112720003,3.077100592,2.841693989,4.4923,6.98,0.850255242,95
P6,2017-07-31,0.356609298,1.944444444,0.356609298,2.913333333,2.818590786,4.4756,6.98,0.685973431,97
P6,2017-08-07,0.824481812,2,0.824481812,2.915097746,3.043705,4.475537687,6.98,0.788616885,98
P6,2017-08-14,0.401762605,2,0.401762605,4.706153846,4.858496244,4.4923,6.98,0.279693516,98
P6,2017-08-21,0.015858045,2,0.015858045,5.2003,5.2003,2.73225709,6.98,0.421235,97
P6,2017-08-28,0.923694196,2,0.923694196,5.2003,5.2003,2.571927481,6.98,0.417293354,96
P6,2017-09-04,0.175484258,2,0.175484258,5.2003,5.2003,2.611802326,6.98,0.652660896,94
P6,2017-09-11,0.996231655,2,0.996231655,3.297020173,3.272602586,2.898258065,6.98,0.768703075,95
P6,2017-09-18,0.008811186,2,0.008811186,3.050029326,2.873093923,4.328943636,6.98,0.783006491,95
P6,2017-09-25,0.042600558,2,0.042600558,3.023430233,2.873093923,4.4589,6.98,0.820048904,96
P6,2017-10-02,0.903106697,2,0.903106697,2.747047753,2.686454247,3.208785714,6.98,0.698834124,96
P6,2017-10-09,0.266446625,2,0.266446625,2.603302023,2.488684211,2.720945935,6.98,0.300629417,96
P6,2017-10-16,0.064424839,1.4,0.064424839,4.039204036,4.046914414,2.765920248,6.98,0.765114802,96
P6,2017-10-23,0.027017738,1.4,0.027017738,4.5037125,4.492075,2.674661355,6.98,0.82172343,96
P6,2017-10-30,0.541048547,1.4,0.541048547,4.5037125,4.514648241,2.858269231,6.98,0.295394046,96
P6,2017-11-06,0.277660918,1.4,0.277660918,4.791183511,4.703743455,3.981160714,6.98,0.995705758,96
P6,2017-11-13,0.713068931,1.4,0.713068931,5.1471,5.1338,4.4589,6.98,0.842653142,96
P6,2017-11-20,0.038560063,1.4,0.038560063,5.1471,5.1338,4.4589,6.98,0.87744493,96
P6,2017-11-27,0.761835066,1.4,0.761835066,5.1471,5.1338,4.4756,6.98,0.284610446,96
P6,2017-12-04,0.86318421,1.4,0.86318421,2.926,2.9127,4.4923,6.98,0.697915777,96
P6,2017-12-11,0.211136764,1.4,0.211136764,2.66,2.66,4.4923,6.945273632,0.933006545,96
P6,2017-12-18,0.966064868,1.4,0.966064868,2.582146341,2.66,4.459146494,6.98,0.514214119,97
P6,2017-12-25,0.090622683,1.4,0.090622683,2.906105417,3.1255,2.69538,6.809756098,0.6884163,94
P6,2018-01-01,0.757674538,1.4,0.757674538,4.402927729,5.1604,2.542811321,3.99371134,0.288032697,94
P6,2018-01-08,0.103897625,1.4,0.103897625,4.427653125,5.1604,2.652933071,3.710421053,0.97910503,94
P6,2018-01-15,0.294656602,1.4,0.294656602,4.269854167,5.187302273,2.652933071,3.597938144,0.19933976,94
P6,2018-01-22,0.592173808,1.4,0.592173808,4.040467123,5.187101269,2.981615044,3.615282051,0.495181707,95
P6,2018-01-29,0.071473501,1.4,0.071473501,4.828044959,5.2801,4.264841772,3.749893617,0.631793197,92
P6,2018-02-05,0.556985007,1.4,0.556985007,4.788362398,5.253566834,4.4923,6.98,0.937595641,86
P6,2018-02-12,0.438565194,1.4,0.438565194,5.160434103,5.266732658,4.376689338,6.98,0.470576221,95
P6,2018-02-19,0.474856416,1.4,0.474856416,5.24049925,5.24049925,4.410023443,6.945273632,0.65261619,96
P6,2018-02-26,0.511959946,1.4,0.511959946,3.042088071,2.980917215,4.377950545,6.98,0.719705862,95
P6,2018-03-05,0.915702378,1.4,0.915702378,2.721701031,2.666717172,4.362088406,6.98,0.827916012,96
P6,2018-03-12,0.405918742,1.4,0.405918742,2.72873385,2.673468354,4.4923,6.98,0.868105743,96
P6,2018-03-19,0.375678055,1.4,0.375678055,2.700818414,2.673468354,4.4756,4.431746032,0.783586925,96
P6,2018-03-26,0.335687718,1.4,0.335687718,2.771706037,2.831152815,4.4923,3.597938144,0.267733202,96
P6,2018-04-02,0.030512686,1.4,0.030512686,4.611441048,4.591391304,4.4923,3.525252525,0.341073979,95
P6,2018-04-09,0.157917886,1.4,0.157917886,5.2801,5.2801,3.590436742,5.307708333,0.770736078,96
P6,2018-04-16,0.3280467,1.4,0.3280467,5.2801,5.2801,3.468957529,6.98,0.798145413,95
P6,2018-04-23,0.908804233,1.4,0.908804233,5.2801,5.2801,3.468957529,6.98,0.131643316,94
P6,2018-04-30,0.687902771,1.4,0.687902771,5.2801,5.2801,3.429236641,6.98,0.240682878,94
P6,2018-05-07,0.468987706,1.4,0.468987706,5.2801,5.2801,3.468957529,6.98,0.11217845,94
P6,2018-05-14,0.801448587,1.4,0.801448587,5.2801,5.2801,4.278380952,6.98,0.972195381,95
P6,2018-05-21,0.862849006,1.4,0.862849006,3.0191,2.9659,4.4923,6.945273632,0.2175975,95
P6,2018-05-28,0.868095992,1.4,0.868095992,2.66,2.6467,4.4923,6.98,0.176832908,95
P6,2018-06-04,0.477023865,1.4,0.477023865,2.66,2.66,4.4923,6.98,0.631018433,94
P6,2018-06-11,0.945711923,1.4,0.945711923,2.66,2.66,4.4923,6.98,0.373202248,94
P6,2018-06-18,0.918911506,1.4,0.918911506,2.66,2.66,4.4923,6.98,0.218225545,94
P6,2018-06-25,0.459487154,1.4,0.459487154,2.66,2.66,4.4923,6.98,0.91332935,94
P6,2018-07-02,0.603446474,1.4,0.603446474,2.66,2.66,3.5404,6.98,0.649006069,94
P6,2018-07-09,0.363766123,1.4,0.363766123,2.66,2.66,3.348193633,6.98,0.113557209,94
P6,2018-07-16,0.624695959,1.4,3.176,2.66,2.66,3.343892481,6.98,0.227079572,93
P6,2018-07-23,0.444254887,1.4,3.3348,2.66,2.66,3.53346917,4.181089109,0.64308019,93
P6,2018-07-30,0.601806938,1.4,3.3348,2.66,2.66,3.724865417,3.49,0.451700102,92
P6,2018-08-06,0.131581865,1.4,3.295567059,2.66,2.66,4.319519231,3.49,0.229333076,92
P6,2018-08-13,0.046758188,1.4,3.3745,2.66,2.66,4.4923,3.49,0.822197715,95
P6,2018-08-20,0.242346602,1.4,3.4142,2.66,2.66,4.5424,3.507537688,0.532542663,97
P6,2018-08-27,0.289874692,1.4,3.4142,2.66,2.66,4.8764,5.816666667,0.921958657,97
P6,2018-09-03,0.654490365,1.4,3.4142,2.66,2.66,4.859107801,6.98,0.4956951,96
P6,2018-09-10,0.578866797,1.4,3.4142,2.66,2.66,4.909856419,6.98,0.67748453,96
P6,2018-09-17,0.388870689,1.4,3.4142,2.66,2.66,4.9265,6.98,0.76330443,96
P6,2018-09-24,0.713141954,1.4,3.4142,2.66,2.66,3.656783505,6.98,0.435787112,96
P6,2018-10-01,0.921252099,1.4,3.4142,2.66,2.66,3.404074653,6.98,0.058867443,92
P6,2018-10-08,0.785854064,1.4,2.8187,2.66,2.66,3.476501773,4.837623762,0.469381014,93
P6,2018-10-15,0.693063382,1.4,2.7393,2.66,2.66,3.557039711,4.188,0.137726473,90
P6,2018-10-22,0.517458623,1.4,2.7393,2.66,2.66,3.609157509,4.188,0.527353517,91
P6,2018-10-29,0.332889463,1.4,2.7393,2.66,2.66,4.647641509,5.260289855,0.628587156,92
P6,2018-11-05,0.699599138,1.4,2.7393,2.66,2.66,4.9265,6.98,0.554523511,93
P6,2018-11-12,0.581490165,1.4,3.318025352,2.66,2.66,4.9265,6.98,0.71612179,93
P6,2018-11-19,0.763584797,1.4,3.4142,2.66,2.66,4.9265,6.98,0.013598175,91
P6,2018-11-26,0.493888126,1.4,3.4142,2.66,2.66,4.9265,6.98,0.365133922,92
P6,2018-12-03,0.288810615,1.4,3.4142,2.66,2.66,4.9265,6.98,0.107398075,92
P6,2018-12-10,0.868609619,1.4,3.4142,2.66,2.66,4.8764,6.98,0.908636884,93
P6,2018-12-17,0.636739716,1.4,3.4142,2.66,2.66,4.9098,6.98,0.982114479,94
P6,2018-12-24,0.601506303,1.4,3.4142,2.66,2.66,3.981830928,6.98,0.1276375,93
P6,2018-12-31,0.204506853,1.4,2.8187,2.686665196,2.7132,3.386068966,4.8511,0.454451632,90
P6,2019-01-07,0.35313074,1.4,2.7393,4.5619,4.4023,3.469823322,4.188,0.388551432,94
P6,2019-01-14,0.276409614,1.4,2.7393,5.1737,5.1604,3.445473684,5.684742268,0.945640407,93
P6,2019-01-21,0.18091112,1.4,2.7393,3.551178698,3.5308,3.677752809,6.98,0.590345857,92
P6,2019-01-28,0.414352618,1.38,2.7393,2.999246377,3.044483776,4.443257919,6.98,0.74608061,92
P6,2019-02-04,0.080945303,1.3,2.7393,3.016734694,3.137021277,4.9098,6.98,0.724762784,93
P6,2019-02-11,0.509231873,1.3,2.7393,3.299171014,3.362783183,4.9098,6.98,0.148133767,94
P6,2019-02-18,0.757069788,1.3,2.7393,5.146753646,5.079978182,4.9098,6.98,0.797184718,94
P6,2019-02-25,0.796423503,1.3,2.7393,5.2003,5.173734015,4.9098,4.735175879,0.749805439,93
P6,2019-03-04,0.515045341,1.31884058,2.7393,5.187033929,5.134206107,4.9098,4.188,0.494704335,92
P6,2019-03-11,0.382500879,1.4,2.7393,5.187033929,5.187033929,4.9098,4.188,0.156324377,92
P6,2019-03-18,0.713181778,1.4,2.7393,5.2003,5.187033929,3.9412,4.209045226,0.980533426,93
P6,2019-03-25,0.571909595,1.4,2.7393,3.015637887,2.933502564,3.6907,4.209045226,0.786130881,94
P6,2019-04-01,0.70478817,1.4,2.7393,2.666820513,2.68056701,4.484889711,5.982857143,0.392629247,94
P6,2019-04-08,0.064486908,1.4,2.7393,2.666820513,2.788364611,4.8263,6.98,0.836822012,94
P6,2019-04-15,0.589353017,1.4,2.7393,2.673676093,2.773493333,4.8263,6.98,0.054937463,97
P6,2019-04-22,0.247948936,1.38,2.7393,2.905195531,2.758779841,4.8263,6.98,0.176974279,96
P6,2019-04-29,0.835698658,1.3,2.7393,4.663946188,4.770917431,4.8263,4.889543147,0.220859927,94
P6,2019-05-06,0.84391504,1.3,2.7393,5.176335484,5.2003,3.394497667,4.209045226,0.945431661,89
P6,2019-05-13,0.321805035,1.3,2.7393,5.2003,5.2003,3.244708446,4.188,0.340140256,86
P6,2019-05-20,0.45021917,1.3,2.7393,5.2003,5.2003,3.272067797,5.691384615,0.221536948,86
P6,2019-05-27,0.029466171,1.3,2.7393,3.144684031,3.181034574,3.363275261,6.98,0.631363831,90
P6,2019-06-03,0.746109994,1.3,2.7393,2.751481481,2.865179063,3.955983607,6.98,0.355437982,88
P6,2019-06-10,0.333228702,1.3,2.7393,2.766117021,2.803396226,4.731666667,4.803069307,0.386898147,88
P6,2019-06-17,0.115621738,1.3,2.7393,2.751724138,2.788709677,4.8263,4.209045226,0.135888797,88
P6,2019-06-24,0.478215438,1.3,2.7393,2.803783784,2.83442623,4.8263,4.209045226,0.626853024,85
P6,2019-07-01,0.096412594,1.3,2.7393,4.694117647,4.780645161,4.7929,5.555510204,0.337465371,87
P6,2019-07-08,0.575330681,1.3,2.7393,5.187,5.187,4.7929,6.98,0.944445215,95
P6,2019-07-15,0.844613694,1.3,2.7393,5.187,5.187,4.9098,6.98,0.338152203,95
P6,2019-07-22,0.068320027,1.3,2.7393,5.187,5.187,4.9098,4.721764706,0.366302136,94
P6,2019-07-29,0.395189696,1.3,2.7393,5.187,5.187,4.9766,4.188,0.173928993,95
P6,2019-08-05,0.495678056,1.3,2.7393,5.187,5.187,4.9766,4.188,0.930644841,95
P6,2019-08-12,0.977239047,1.3,2.7393,5.187,5.187,4.9766,5.4793,0.738897709,95
P6,2019-08-19,0.605692899,1.3,2.7393,3.0723,3.059,3.488580066,6.98,0.240593351,97
P6,2019-08-26,0.08131926,1.28,2.7393,4.8545,5.0141,3.408630137,6.98,0.270771639,96
P6,2019-09-02,0.544703906,1.3,2.7393,5.0141,5.0939,3.672767528,6.98,0.955757802,96
P6,2019-09-09,0.728897154,1.3,2.700167143,5.014652727,5.107234456,3.784486692,6.98,0.484442706,96
P6,2019-09-16,0.882413683,1.3,2.7393,5.1205,5.120636761,4.164518828,4.837623762,0.274330699,97
P6,2019-09-23,0.118522651,1.3,2.7393,5.041520566,5.068317857,4.879019608,4.188,0.456228208,97
P6,2019-09-30,0.122850023,1.3,2.7393,3.080300781,3.066644882,4.9766,4.188,0.021695916,97
P6,2019-10-07,0.634506457,1.3,2.7393,2.66,2.774716981,4.9766,5.303431373,0.223473399,91
P6,2019-10-14,0.213108119,1.3,2.7393,2.66,2.709,4.9766,6.98,0.131931889,91
P6,2019-10-21,0.078287819,1.3,2.7393,2.885361111,2.974802419,4.9766,6.98,0.15432795,89
P6,2019-10-28,0.96193129,1.3,2.7393,4.928823529,5.06178895,4.9766,6.98,0.20290249,90
P6,2019-11-04,0.384219899,1.3,2.7393,5.1205,5.1471,4.9766,6.98,0.539631951,89
P6,2019-11-11,0.866524598,1.3,2.7393,3.150009485,3.651224063,3.507078774,6.98,0.616155336,89
P6,2019-11-18,0.527086024,1.3,2.7393,3.020943953,3.650425532,4.9098,4.8511,0.300409316,90
P6,2019-11-25,0.451357033,1.3,2.7393,2.95129683,3.6765,4.9599,4.188,0.975793343,92
P6,2019-12-02,0.347893969,1.3,2.7393,3.012058824,3.71631769,4.9766,4.188,0.416661506,92
P6,2019-12-09,0.306870271,1.3,2.7393,3.093957704,3.586829268,4.959955853,4.188,0.597265007,91
P6,2019-12-16,0.428288296,1.3,2.7393,4.728888889,4.775627907,4.9766,4.317525773,0.952124407,94
P6,2019-12-23,0.813421467,1.3,2.7393,5.1072,5.1072,4.9933,5.898591549,0.744570634,93
