Product,Week,X1,X2,X3,X4,X5,X7,Target,TRAIN_IND
P1,2/6/2017,93,93,0.082203617,1.5,1.91,60,1502.44,1
P1,3/27/2017,92,92,0.317168982,1.61,1.91,30,1502.44,1
P1,5/29/2017,91,0,0.102316188,1.92,1.92,0,1082,1
P1,8/14/2017,97,97,0.286916432,1,1.92,48,1502.44,1
P1,8/28/2017,91,1,0.813618135,1.89,1.92,0,916.8,1
P1,2/20/2017,91,0,0.323096213,1.91,1.91,0,1232.4,1
P1,4/10/2017,90,0,0.456717108,1.91,1.91,0,1009.6,1
P1,4/24/2017,90,5,0.576133283,1.89,1.91,0,902,1
P1,6/12/2017,88,0,0.232758008,1.92,1.92,0,751.6,1
P1,7/24/2017,94,0,0.490193542,1.91,1.92,0,1108.4,1
P1,10/9/2017,90,0,0.31930054,1.92,1.92,0,593.92,1
P1,10/23/2017,85,0,0.348505204,1.92,1.92,0,593.92,1
P1,11/6/2017,86,0,0.740992462,1.92,1.92,0,593.92,1
P1,12/11/2017,91,0,0.509474843,1.92,1.92,0,713.6,1
P1,2/13/2017,93,93,0.136831785,1.62,1.91,50,1502.44,1
P1,12/18/2017,94,4,0.149509063,1.92,1.92,0,1253.2,1
P1,1/30/2017,93,93,0.892404724,1.5,1.91,51,1502.44,1
P1,3/6/2017,93,90,0.353175302,1.66,1.91,0,1502.44,1
P1,3/20/2017,93,93,0.225145201,1.5,1.91,43,1502.44,1
P1,5/8/2017,90,0,0.234742907,1.91,1.91,0,1003.6,1
P1,5/22/2017,92,0,0.328507436,1.92,1.92,0,1340.4,1
P1,8/7/2017,98,98,0.987381248,1,1.92,37,1502.44,1
P1,11/20/2017,89,1,0.121557049,1.92,1.92,0,636.4,1
P1,1/15/2018,89,17,0.489517028,1.8,1.92,0,673.2,1
P1,2/19/2018,87,3,0.999902768,1.89,1.92,0,668.8,1
P1,3/12/2018,90,6,0.22988513,1.92,1.92,0,647.6,1
P1,4/3/2017,89,0,0.529796955,1.9,1.91,0,937.2,1
P1,6/5/2017,88,0,0.182883259,1.92,1.92,0,713.6,1
P1,7/3/2017,91,0,0.570400105,1.89,1.92,0,1101.2,1
P1,7/17/2017,94,6,0.611407269,1.89,1.92,0,1486,1
P1,9/18/2017,91,4,0.290955617,1.91,1.91,0,829.2,1
P1,10/2/2017,90,1,0.33786167,1.91,1.91,0,668.4,1
P1,10/16/2017,89,0,0.387125217,1.92,1.92,0,593.92,1
P1,12/4/2017,91,0,0.727547545,1.92,1.92,0,647.6,1
P1,9/4/2017,90,1,0.074300517,1.91,1.92,1,696.4,1
P1,12/25/2017,80,0,0.29976568,1.92,1.92,0,593.92,1
P1,1/29/2018,82,7,0.139079373,1.87,1.92,0,593.92,1
P1,8/20/2018,88,0,0.299604127,1.92,1.92,0,611.2,1
P1,1/22/2018,87,0,0.821114289,1.79,1.92,0,597.6,1
P1,5/7/2018,93,0,0.846018304,1.89,1.92,0,894.4,1
P1,3/19/2018,90,6,0.161559522,1.91,1.92,0,660,1
P1,1/8/2018,89,35,0.937496603,1.79,1.92,1,723.6,1
P1,2/12/2018,89,1,0.719007297,1.91,1.92,1,593.92,1
P1,3/5/2018,91,8,0.86684269,1.9,1.92,1,743.2,1
P1,9/3/2018,92,0,0.361228077,1.91,1.92,0,724.8,1
P1,5/14/2018,94,0,0.696779292,1.9,1.92,0,941.6,1
P1,5/28/2018,95,5,0.97898514,1.89,1.92,0,1083.2,1
P1,4/16/2018,92,0,0.003321009,1.84,1.92,0,824,1
P1,4/30/2018,93,0,0.858592855,1.89,1.92,0,726,1
P1,4/2/2018,88,9,0.34553858,1.86,1.92,0,638.8,1
P1,5/21/2018,95,0,0.626572509,1.91,1.92,0,1058,1
P1,6/4/2018,93,0,0.427009058,1.89,1.92,0,958.4,1
P1,2/27/2017,91,0,0.36327974,1.91,1.91,0,1273.6,1
P1,3/13/2017,93,93,0.829463245,1.5,1.91,39,1502.44,1
P1,4/17/2017,88,6,0.139054878,1.91,1.91,0,803.2,1
P1,5/1/2017,91,5,0.594506474,1.89,1.91,0,876,1
P1,5/15/2017,92,0,0.564543059,1.92,1.92,0,1106.4,1
P1,6/19/2017,91,4,0.189526274,1.91,1.92,4,1072.8,1
P1,7/31/2017,97,97,0.021384813,1.17,1.92,2,1502.44,1
P1,10/30/2017,85,0,0.700766347,1.92,1.92,0,593.92,1
P1,11/13/2017,87,0,0.393919183,1.92,1.92,0,593.92,1
P1,2/5/2018,85,8,0.424135557,1.86,1.92,0,593.92,1
P1,2/26/2018,89,7,0.7637718,1.9,1.92,1,598,1
P1,8/27/2018,91,0,0.49469547,1.92,1.92,0,716.4,1
P1,3/26/2018,91,0,0.967012558,1.91,1.92,0,792.8,1
P1,4/23/2018,93,0,0.318944993,1.88,1.92,0,752.4,1
P1,6/26/2017,91,4,0.232786195,1.87,1.92,0,1072,1
P1,7/10/2017,91,21,0.861574969,1.82,1.92,0,1278,1
P1,8/21/2017,97,96,0.526932249,1.21,1.92,26,1502.44,1
P1,9/11/2017,90,1,0.867655364,1.91,1.91,1,710,1
P1,9/25/2017,92,4,0.939288825,1.91,1.91,0,794,1
P1,11/27/2017,90,3,0.489050902,1.92,1.92,0,669.2,1
P1,1/1/2018,86,2,0.173980098,1.88,1.92,2,593.92,1
P1,4/9/2018,93,2,0.203392679,1.8,1.92,0,785.6,1
P1,6/11/2018,93,0,0.611779405,1.9,1.91,0,924.8,1
P2,3/23/2020,99,78,0.830902341,1.8,1.98,0,6542.9,0
P2,3/16/2020,99,72,0.460661192,1.79,2.48,20,6953.1,0
P2,4/6/2020,98,74,0.625505921,1.84,1.98,0,4617.3,0
P2,3/30/2020,99,83,0.292275375,1.77,1.98,0,6926.9,0
P2,3/9/2020,99,64,0.028742722,1.86,2.48,0,4310.3,0
P3,1/2/2017,100,100,0.784393645,1.53,1.53,24,12266.6,1
P3,1/23/2017,100,100,0.861378333,1.6,1.6,60,10503.6,1
P3,1/9/2017,100,99,0.404857508,1.5,1.53,20,15206.96,1
P3,3/20/2017,97,9,0.035129009,2.88,2.88,0,1639.96,1
P3,2/20/2017,100,100,0.794786636,1.5,2.88,20,15206.96,1
P3,2/6/2017,96,0,0.597047294,2.88,2.88,0,1639.96,1
P3,2/27/2017,100,100,0.001400511,1.5,2.88,42,15206.96,1
P3,4/10/2017,97,7,0.08735103,2.9,2.9,0,1886.4,1
P3,5/15/2017,100,99,0.464654276,1.5,2.9,0,14830.3,1
P3,4/17/2017,100,100,0.685957836,1.11,2.9,0,13689,1
P3,11/5/2018,94,4,0.820758457,2.48,2.49,0,1639.96,1
P3,4/3/2017,97,23,0.994488334,2.86,2.88,0,1872.7,1
P3,5/8/2017,100,100,0.147514304,1.14,2.9,13,15206.96,1
P3,6/12/2017,98,3,0.223627119,2.48,2.9,2,1826.2,1
P3,3/13/2017,96,20,0.610106749,2.75,2.88,0,1639.96,1
P3,4/24/2017,100,100,0.4394058,1,2.9,14,15206.96,1
P3,5/29/2017,100,58,0.8787627,1.63,2.9,0,8382.9,1
P3,12/10/2018,94,0,0.766088914,2.48,2.49,0,1639.96,1
P3,1/14/2019,98,0,0.734919151,2.49,2.49,0,2855.2,1
P3,12/3/2018,94,6,0.958088489,2.48,2.49,0,1639.96,1
P3,1/7/2019,97,1,0.720223727,2.49,2.49,1,2613.1,1
P3,2/4/2019,97,0,0.268274385,2.48,2.49,0,1639.96,1
P3,11/19/2018,95,4,0.594201109,2.49,2.49,0,1639.96,1
P3,12/24/2018,94,8,0.123712219,2.46,2.49,0,1764.7,1
P3,1/28/2019,96,0,0.462558714,2.47,2.49,0,1639.96,1
P3,1/30/2017,96,16,0.444407501,2.86,2.86,7,1639.96,1
P3,3/6/2017,100,100,0.650835637,1.59,2.88,13,9013.2,1
P3,5/22/2017,100,82,0.006908845,1.5,2.9,0,15206.96,1
P3,1/21/2019,97,0,0.636311155,2.49,2.49,0,2025.7,1
P3,1/16/2017,100,99,0.788411839,1.5,1.53,36,15206.96,1
P3,2/13/2017,100,100,0.739724077,1.64,2.88,0,7455.3,1
P3,3/27/2017,96,4,0.442172534,2.88,2.88,4,1639.96,1
P3,5/1/2017,100,100,0.189876547,1,2.9,7,15206.96,1
P3,6/5/2017,97,7,0.198241501,2.6,2.9,2,1798.7,1
P3,11/26/2018,95,0,0.937112726,2.48,2.49,0,1639.96,1
P3,12/31/2018,92,0,0.428207623,2.48,2.49,0,1861,1
P3,11/12/2018,95,0,0.187330343,2.48,2.49,0,1639.96,1
P3,12/17/2018,97,0,0.421746716,2.48,2.49,0,2733.9,1
P4,5/7/2018,97,0,0.41795475,2.49,2.49,0,1470.2,1
P4,3/19/2018,88,0,0.528150128,2.49,2.49,0,1109.4,1
P4,4/16/2018,97,0,0.721453762,2.49,2.49,0,1385,1
P4,5/21/2018,98,4,0.491597024,2.49,2.49,0,1695.9,1
P4,4/2/2018,92,0,0.306772185,2.48,2.49,0,1281.4,1
P4,4/30/2018,97,0,0.297860377,2.49,2.49,0,1194.5,1
P4,5/14/2018,97,0,0.039871624,2.49,2.49,0,1726,1
P4,6/4/2018,96,0,0.217033133,2.49,2.49,0,1391.1,1
P4,6/11/2018,96,0,0.100054297,2.49,2.49,0,1364,1
P4,7/16/2018,99,99,0.547585712,1.47,2.49,28,3705.87,1
P4,7/30/2018,97,94,0.926582612,1.49,2.49,29,3705.87,1
P4,10/22/2018,91,3,0.137821369,2.49,2.49,0,738.7,1
P4,12/10/2018,90,1,0.291815395,2.49,2.49,0,688.8,1
P4,2/4/2019,91,0,0.590694928,2.48,2.49,0,762,1
P4,7/9/2018,99,99,0.776310747,1.47,2.49,27,3705.87,1
P4,6/25/2018,98,67,0.852971441,2.21,2.49,0,1947.9,1
P4,7/23/2018,98,96,0.268422883,1.49,2.49,38,3705.87,1
P4,8/20/2018,97,65,0.013109215,1.5,2.49,27,3645.1,1
P4,8/6/2018,97,56,0.736665884,1.5,2.49,15,3705.87,1
P4,8/27/2018,96,24,0.531615256,2.11,2.49,8,1526.9,1
P4,10/1/2018,90,7,0.584395042,2.48,2.48,0,837.2,1
P4,11/5/2018,93,4,0.085885309,2.49,2.49,0,770.1,1
P4,12/31/2018,92,7,0.100098574,2.49,2.49,0,792.9,1
P4,1/7/2019,93,14,0.466932421,2.47,2.49,7,1150.7,1
P4,2/11/2019,96,96,0.784498292,1.71,2.49,0,2065.7,1
P4,9/24/2018,89,13,0.217270428,2.46,2.46,0,782.2,1
P4,10/29/2018,93,3,0.009463358,2.49,2.49,0,793.4,1
P4,12/3/2018,92,0,0.257705263,2.49,2.49,0,688.9,1
P4,12/24/2018,86,2,0.509261973,2.49,2.49,0,688.8,1
P4,3/4/2019,87,87,0.19713734,1.5,2.49,28,2026.2,1
P4,9/10/2018,93,21,0.136155801,2.46,2.49,0,949.9,1
P4,10/15/2018,90,14,0.787133908,2.47,2.49,0,783,1
P4,1/28/2019,91,5,0.771855633,2.48,2.49,0,764.1,1
P4,11/19/2018,91,6,0.884875428,2.49,2.49,0,715.5,1
P4,1/14/2019,93,7,0.329013933,2.49,2.49,0,1248.3,1
P4,2/18/2019,97,97,0.5087606,1.5,2.49,26,3705.87,1
P4,3/26/2018,80,0,0.827860862,2.48,2.49,0,688.8,1
P4,4/23/2018,96,0,0.328216981,2.49,2.49,0,1205.7,1
P4,5/28/2018,73,5,0.681265835,2.48,2.49,0,742.2,1
P4,6/18/2018,97,0,0.736644991,2.49,2.49,0,1323.5,1
P4,9/3/2018,94,17,0.937600741,2.44,2.49,0,1136.9,1
P4,10/8/2018,90,3,0.655210404,2.49,2.49,0,802.4,1
P4,11/12/2018,91,1,0.954584993,2.49,2.49,0,765.8,1
P4,4/9/2018,96,0,0.680252899,2.47,2.49,0,1329.1,1
P4,7/2/2018,99,99,0.177859058,1.51,2.49,18,3705.87,1
P4,8/13/2018,97,31,0.347862385,1.5,2.49,13,3705.87,1
P4,9/17/2018,93,10,0.039242161,2.45,2.46,0,930.1,1
P4,11/26/2018,93,2,0.459140203,2.49,2.49,0,688.8,1
P4,12/17/2018,92,3,0.157349777,2.49,2.49,0,866,1
P4,1/21/2019,92,0,0.245949384,2.49,2.49,0,970.9,1
P4,2/25/2019,97,97,0.670287606,1.5,2.49,33,3705.87,1
P5,2/11/2019,77,0,0.498865188,1.75,1.75,0,893.6,1
P5,9/16/2019,75,0,0.081022197,1.75,1.75,0,863.2,1
P5,3/4/2019,75,0,0.258771257,1.75,1.75,0,790.72,1
P5,4/8/2019,78,70,0.779885463,1.61,1.75,2,1046.8,1
P5,5/27/2019,76,0,0.989047611,1.72,1.75,0,878.4,1
P5,3/23/2020,75,0,0.7724274,1.75,1.75,0,1386.8,0
P5,5/6/2019,78,0,0.591703884,1.74,1.75,0,977.6,1
P5,2/18/2019,77,0,0.397929756,1.75,1.75,0,870.8,1
P5,12/16/2019,75,12,0.767528121,1.75,1.75,0,790.72,0
P5,3/11/2019,75,0,0.34643454,1.75,1.75,0,790.72,1
P5,4/15/2019,76,0,0.27036711,1.75,1.75,0,867.6,1
P5,6/3/2019,76,0,0.827695033,1.75,1.75,0,870.8,1
P5,3/16/2020,80,3,0.47650698,1.75,1.75,0,1690,0
P5,4/29/2019,78,0,0.638815713,1.75,1.75,0,973.6,1
P5,4/1/2019,80,80,0.795332079,1.5,1.75,65,1657.2,1
P5,5/20/2019,77,0,0.487848997,1.75,1.75,0,982,1
P5,2/25/2019,77,2,0.194372144,1.75,1.75,2,891.6,1
P5,3/18/2019,79,79,0.201212589,1.56,1.75,56,1284.4,1
P5,9/9/2019,74,7,0.609974413,1.75,1.75,7,790.72,1
P5,3/30/2020,76,0,0.72062406,1.75,1.75,0,1304.8,0
P5,3/25/2019,80,80,0.051174786,1.5,1.75,65,1592.4,1
P5,5/13/2019,78,4,0.478488736,1.75,1.75,0,1074,1
P5,6/10/2019,79,75,0.912162353,1.56,1.75,53,1335.2,1
P5,4/22/2019,74,0,0.9030221,1.75,1.75,0,790.72,1
P6,8/14/2017,86,0,0.627558259,1.55,1.55,0,939.6,1
P6,10/9/2017,87,5,0.314764957,1.55,1.55,0,803,1
P6,1/1/2018,85,5,0.887174021,1.55,1.55,5,623.8,1
P6,7/24/2017,87,2,0.898730156,1.55,1.55,0,931.6,1
P6,9/18/2017,87,0,0.113967058,1.55,1.55,0,832.4,1
P6,11/27/2017,86,0,0.422477811,1.55,1.55,0,728,1
P6,8/21/2017,87,0,0.733727377,1.55,1.55,0,927.8,1
P6,10/16/2017,86,0,0.215709032,1.55,1.55,0,827.4,1
P6,12/4/2017,86,0,0.657658421,1.55,1.55,0,776.2,1
P6,1/8/2018,84,4,0.36780693,1.55,1.55,4,623.8,1
P6,8/7/2017,87,0,0.871993776,1.55,1.55,0,895.6,1
P6,10/2/2017,87,1,0.156644312,1.55,1.55,0,828.6,1
P6,12/25/2017,86,0,0.76218763,1.55,1.55,0,781.6,1
P6,1/15/2018,85,0,0.988964688,1.55,1.55,0,623.8,1
P6,4/16/2018,86,0,0.855014195,1.5,1.55,0,880.2,1
P6,5/7/2018,85,8,0.53165355,1.47,1.55,0,1011.6,1
P6,7/2/2018,81,0,0.660858306,1.5,1.5,0,1025.44,1
P6,8/12/2019,79,0,0.232117159,1.5,1.5,0,741.2,1
P6,9/23/2019,80,0,0.959039429,1.5,1.5,0,660.8,1
P6,10/14/2019,79,0,0.223351914,1.5,1.5,0,623.8,0
P6,9/11/2017,86,0,0.894947121,1.55,1.55,0,838.6,1
P6,11/6/2017,85,0,0.070905218,1.55,1.55,0,644.8,1
P6,11/20/2017,85,0,0.324522792,1.55,1.55,0,692.8,1
P6,8/28/2017,87,0,0.261153706,1.55,1.55,0,988.4,1
P6,10/23/2017,86,0,0.070197014,1.55,1.55,0,810.6,1
P6,12/11/2017,87,0,0.724900832,1.55,1.55,0,996.2,1
P6,2/19/2018,86,0,0.343513025,1.55,1.55,0,682,1
P6,3/26/2018,86,0,0.711389012,1.5,1.55,0,896.8,1
P6,6/11/2018,80,0,0.779916106,1.5,1.52,0,885.6,1
P6,1/22/2018,86,0,0.469641751,1.55,1.55,0,623.8,1
P6,2/26/2018,84,0,0.23240951,1.55,1.55,0,623.8,1
P6,4/23/2018,87,4,0.922027685,1.47,1.55,3,893,1
P6,5/14/2018,83,7,0.922931345,1.45,1.55,0,1024.8,1
P6,7/9/2018,80,5,0.854866038,1.5,1.5,5,1016.4,1
P6,8/19/2019,80,0,0.213966669,1.5,1.5,0,783.4,1
P6,10/21/2019,79,0,0.172923849,1.5,1.5,0,623.8,0
P6,2/13/2017,87,3,0.957774838,1.55,1.55,0,891.8,1
P6,8/20/2018,80,0,0.472092791,1.5,1.5,0,623.8,1
P6,9/24/2018,80,0,0.070955345,1.5,1.5,0,669.8,1
P6,12/2/2019,80,0,0.674564898,1.5,1.5,0,623.8,0
P6,12/23/2019,80,0,0.744274503,1.5,1.5,0,1025.44,0
P6,2/12/2018,86,0,0.656858711,1.55,1.55,0,646.4,1
P6,3/19/2018,86,5,0.613098523,1.52,1.55,0,717.6,1
P6,6/4/2018,81,0,0.983313242,1.5,1.55,0,971.4,1
P6,9/2/2019,79,0,0.67688806,1.5,1.5,0,681.4,1
P6,9/30/2019,79,0,0.41238178,1.5,1.5,0,659.2,1
P6,4/9/2018,85,0,0.804412133,1.5,1.55,0,716,1
P6,4/30/2018,86,5,0.932023659,1.46,1.55,1,970.2,1
P6,6/25/2018,81,0,0.102312418,1.5,1.5,0,924,1
P6,9/16/2019,79,0,0.020301798,1.5,1.5,0,687.4,1
P6,10/7/2019,80,0,0.607131627,1.5,1.5,0,623.8,0
P6,1/29/2018,86,0,0.304477622,1.54,1.55,0,627,1
P6,3/5/2018,86,0,0.46589094,1.55,1.55,0,749.6,1
P6,5/21/2018,81,0,0.386977502,1.5,1.55,0,1025.44,1
P6,8/26/2019,80,0,0.728182622,1.5,1.5,0,821,1
P6,7/16/2018,80,0,0.26921019,1.5,1.5,0,998.2,1
P6,9/3/2018,80,0,0.481985009,1.5,1.5,0,626.2,1
P6,10/28/2019,79,0,0.291682161,1.5,1.5,0,623.8,0
P6,2/20/2017,87,0,0.616629097,1.55,1.55,0,899.6,1
P6,10/1/2018,80,0,0.06160878,1.5,1.5,0,673.4,1
P6,12/30/2019,80,0,0.937719324,1.5,1.5,0,650.2,0
P6,10/29/2018,80,0,0.802954799,1.5,1.5,0,687.6,1
P6,8/27/2018,80,0,0.401902554,1.5,1.5,0,623.8,1
P6,10/15/2018,80,0,0.069693569,1.5,1.5,0,623.8,1
P6,7/30/2018,80,0,0.817604228,1.5,1.5,0,918,1
P6,8/13/2018,80,0,0.621466742,1.5,1.5,0,648.2,1
P6,9/17/2018,80,0,0.367591306,1.5,1.5,0,659.2,1
P6,11/11/2019,79,0,0.779385272,1.5,1.5,0,623.8,0
P6,11/25/2019,79,0,0.052967599,1.5,1.5,0,623.8,0
P6,12/16/2019,80,0,0.590985784,1.5,1.5,0,1025.44,0
P6,12/9/2019,80,0,0.68751461,1.49,1.5,0,738.4,0
P6,11/19/2018,80,0,0.993464324,1.5,1.5,0,684.6,1
P6,12/17/2018,80,0,0.690507333,1.5,1.5,0,1025.44,1
P6,11/12/2018,80,0,0.29967606,1.5,1.5,0,697.4,1
P6,12/3/2018,80,0,0.149698781,1.5,1.5,0,742.2,1
P6,7/31/2017,86,0,0.880572049,1.55,1.55,0,913.2,1
P6,9/25/2017,87,0,0.64961189,1.55,1.55,0,857,1
P6,4/2/2018,86,0,0.216046748,1.5,1.55,0,689.6,1
P6,6/18/2018,80,0,0.983526123,1.5,1.5,0,825.6,1
P6,9/9/2019,80,0,0.223451811,1.49,1.5,0,648.6,1
P6,7/23/2018,80,0,0.690410803,1.5,1.5,0,996.4,1
P6,8/6/2018,80,0,0.374835932,1.5,1.5,0,858.4,1
P6,9/10/2018,80,0,0.365869174,1.5,1.5,0,623.8,1
P6,11/4/2019,80,0,0.62390919,1.5,1.5,0,626.2,0
P6,11/18/2019,79,0,0.67643195,1.5,1.5,0,623.8,0
P6,10/22/2018,80,0,0.625560116,1.5,1.5,0,623.8,1
P6,7/17/2017,87,0,0.136283411,1.55,1.55,0,1008.2,1
P6,9/4/2017,87,0,0.082117291,1.55,1.55,0,851.6,1
P6,10/30/2017,86,0,0.120414047,1.55,1.55,0,719,1
P6,11/13/2017,86,0,0.841549515,1.55,1.55,0,623.8,1
P6,12/18/2017,87,0,0.202549844,1.55,1.55,0,1025.44,1
P6,2/5/2018,85,0,0.717582356,1.55,1.55,0,649,1
P6,3/12/2018,86,0,0.189745877,1.55,1.55,0,708.2,1
P6,5/28/2018,81,5,0.87587586,1.5,1.55,0,966.4,1
P6,10/8/2018,80,0,0.275901327,1.5,1.5,0,652.6,1
P6,12/10/2018,80,0,0.012088013,1.5,1.5,0,778,1
P6,11/5/2018,80,0,0.288241871,1.5,1.5,0,713.8,1
P6,11/26/2018,80,0,0.683109112,1.5,1.5,0,685.2,1
P7,3/12/2018,87,6,0.442581396,1.9,1.9,0,2601.28,1
P7,4/16/2018,87,86,0.913947701,1.75,1.9,0,2916.4,1
P7,7/9/2018,86,5,0.372752347,1.75,1.75,5,3598,1
P7,10/15/2018,86,7,0.039962314,1.75,1.75,7,2601.28,1
P7,1/7/2019,86,86,0.899156784,1.5,1.75,51,7124.4,1
P7,3/4/2019,86,5,0.147220841,1.75,1.75,0,2606.8,1
P7,5/6/2019,85,0,0.427801531,1.75,1.75,0,2601.28,1
P7,6/3/2019,86,0,0.089163114,1.75,1.75,0,3928,1
P7,6/24/2019,86,86,0.276267312,1.5,1.75,14,7527.2,1
P7,10/7/2019,86,86,0.838751481,1.54,1.75,26,5987.2,0
P7,11/11/2019,86,0,0.19953143,1.75,1.75,0,2740.4,0
P7,1/20/2020,87,78,0.15034549,1.58,1.75,2,4336.8,0
P7,3/5/2018,87,1,0.267702728,1.9,1.9,1,2601.28,1
P7,7/23/2018,86,0,0.349369025,1.75,1.75,0,3918.4,1
P7,10/1/2018,86,5,0.421694462,1.75,1.75,2,2858.8,1
P7,11/26/2018,86,5,0.994481681,1.75,1.75,5,2601.28,1
P7,2/4/2019,86,0,0.912639005,1.75,1.75,0,3004.8,1
P7,3/25/2019,86,86,0.583139952,1.5,1.75,36,7786.48,1
P7,8/5/2019,86,0,0.806778802,1.75,1.75,0,3750.4,1
P7,9/30/2019,86,0,0.327778364,1.75,1.75,0,2814.8,1
P7,11/18/2019,86,86,0.672002435,1.55,1.75,36,5648.8,0
P7,1/13/2020,86,86,0.814811501,1.5,1.75,56,7786.48,0
P7,2/26/2018,87,5,0.713712368,1.9,1.9,0,2601.28,1
P7,5/7/2018,87,0,0.958435327,1.75,1.9,0,3822.4,1
P7,7/16/2018,86,5,0.981313589,1.75,1.75,5,3338.8,1
P7,8/20/2018,86,86,0.162449902,1.5,1.75,50,5940.8,1
P7,9/24/2018,86,0,0.558828133,1.75,1.75,0,2807.2,1
P7,11/19/2018,86,4,0.442897159,1.75,1.75,4,2674.4,1
P7,1/28/2019,86,0,0.894904293,1.75,1.75,0,2601.28,1
P7,3/18/2019,86,86,0.247933716,1.54,1.75,50,5611.2,1
P7,7/29/2019,86,8,0.457631088,1.75,1.75,3,4179.2,1
P7,9/2/2019,86,0,0.715945455,1.75,1.75,0,3577.6,1
P7,9/23/2019,86,0,0.285189629,1.75,1.75,0,2952.4,1
P7,1/6/2020,86,86,0.386979628,1.5,1.75,46,7687.2,0
P7,3/2/2020,86,86,0.150335512,1.6,1.75,8,6010.4,0
P7,2/19/2018,87,5,0.951405922,1.9,1.9,1,2601.28,1
P7,3/26/2018,87,87,0.611631786,1.75,1.9,0,3462.8,1
P7,4/30/2018,87,5,0.050175283,1.75,1.9,0,3257.6,1
P7,8/13/2018,86,86,0.735498829,1.56,1.75,30,5045.2,1
P7,9/17/2018,86,6,0.856714173,1.61,1.75,5,3978,1
P7,10/29/2018,86,7,0.796727852,1.75,1.75,0,2870.8,1
P7,11/12/2018,86,6,0.12704372,1.75,1.75,0,3165.6,1
P7,1/21/2019,86,11,0.885263552,1.75,1.75,4,2601.28,1
P7,3/11/2019,86,2,0.835061389,1.75,1.75,2,2609.2,1
P7,5/20/2019,86,0,0.633811899,1.75,1.75,0,3621.6,1
P7,8/26/2019,86,86,0.947157281,1.61,1.75,0,6167.6,1
P7,9/16/2019,86,0,0.887658917,1.75,1.75,0,3178.8,1
P7,10/21/2019,86,86,0.117636883,1.5,1.75,45,7654.4,0
P7,12/30/2019,86,84,0.901061233,1.58,1.75,35,5530,0
P7,2/3/2020,86,9,0.771536297,1.75,1.75,0,2601.28,0
P7,2/24/2020,86,86,0.276604246,1.5,1.75,42,7786.48,0
P7,4/9/2018,87,86,0.015078665,1.75,1.9,0,2601.28,1
P7,7/2/2018,86,84,0.058504455,1.58,1.75,4,7779.2,1
P7,2/25/2019,86,12,0.076284426,1.75,1.75,0,3180.4,1
P7,4/29/2019,85,5,0.750648105,1.75,1.75,5,2899.6,1
P7,5/27/2019,86,0,0.513973338,1.75,1.75,0,3959.2,1
P7,6/17/2019,86,86,0.985183093,1.5,1.75,17,6528.4,1
P7,7/22/2019,86,0,0.174286023,1.75,1.75,0,4372.4,1
P7,9/9/2019,86,0,0.670203794,1.75,1.75,0,3293.6,1
P7,11/4/2019,86,0,0.52226807,1.75,1.75,0,2850.4,0
P7,5/14/2018,87,2,0.910080612,1.75,1.9,2,4154.4,1
P7,6/18/2018,86,86,0.257053334,1.5,1.75,57,7786.48,1
P7,7/30/2018,86,0,0.196651171,1.75,1.75,0,3624.8,1
P7,12/3/2018,86,4,0.381472556,1.75,1.75,4,2601.28,1
P7,2/11/2019,86,0,0.597935328,1.75,1.75,0,3264.8,1
P7,4/1/2019,86,85,0.93478211,1.5,1.75,28,7786.48,1
P7,4/15/2019,86,0,0.472868153,1.75,1.75,0,4131.6,1
P7,7/8/2019,86,0,0.422111878,1.75,1.75,0,3289.2,1
P7,8/12/2019,86,86,0.187469435,1.55,1.75,46,6641.6,1
P7,11/25/2019,86,86,0.044155525,1.5,1.75,50,7584,0
P7,3/9/2020,86,7,0.705309044,1.75,1.75,7,5550.8,0
P7,3/19/2018,87,73,0.290215017,1.79,1.9,6,2601.28,1
P7,4/23/2018,87,2,0.044155599,1.75,1.9,0,2740.8,1
P7,8/6/2018,86,0,0.598223604,1.75,1.75,0,3493.6,1
P7,10/22/2018,86,4,0.716815174,1.75,1.75,4,2601.28,1
P7,11/5/2018,86,0,0.038916381,1.75,1.75,0,3234,1
P7,1/14/2019,86,0,0.888260225,1.59,1.75,0,4051.6,1
P7,5/13/2019,86,0,0.863191506,1.75,1.75,0,2601.28,1
P7,6/10/2019,86,86,0.233764873,1.56,1.75,26,5524.4,1
P7,7/1/2019,86,84,0.291401267,1.61,1.75,8,5124.4,1
P7,8/19/2019,86,86,0.53617496,1.5,1.75,53,7786.48,1
P7,10/14/2019,86,86,0.884263896,1.5,1.75,34,7697.2,0
P7,1/27/2020,86,12,0.368838312,1.75,1.75,5,2601.28,0
P7,2/10/2020,87,86,0.005558357,1.53,1.75,39,6162.8,0
P7,4/2/2018,87,87,0.171493132,1.75,1.9,0,2617.2,1
P7,5/21/2018,87,0,0.121422742,1.75,1.9,0,3710.8,1
P7,6/25/2018,86,86,0.969709769,1.5,1.75,47,7786.48,1
P7,10/8/2018,86,8,0.87316735,1.75,1.75,4,2601.28,1
P7,12/10/2018,86,86,0.578010218,1.55,1.75,34,5493.2,1
P7,2/18/2019,86,0,0.296451231,1.75,1.75,0,3423.6,1
P7,4/8/2019,86,83,0.523944893,1.6,1.75,0,4958.8,1
P7,4/22/2019,86,2,0.859807176,1.75,1.75,2,3234.8,1
P7,7/15/2019,86,6,0.494564432,1.75,1.75,6,3179.2,1
P7,10/28/2019,86,86,0.45226122,1.59,1.75,11,4655.2,0
P7,12/2/2019,86,85,0.383243368,1.5,1.75,42,7786.48,0
P8,3/11/2019,82,82,0.280050385,1.2,1.5,49,1172.9,1
P8,3/25/2019,82,82,0.851735275,1.2,1.5,60,1872.7,1
P8,8/19/2019,82,61,0.357994282,1.5,1.5,19,1303.9,1
P8,9/2/2019,78,16,0.630701043,1.5,1.5,7,792.38,1
P8,9/16/2019,82,82,0.412741652,1.24,1.5,50,1619.7,1
P8,10/7/2019,82,82,0.437985945,1.31,1.5,3,1347.6,0
P8,2/18/2019,82,56,0.723003003,1.5,1.5,1,1024.1,1
P8,5/13/2019,82,10,0.052870529,1.5,1.5,10,1100.6,1
P8,7/15/2019,81,42,0.995012362,1.5,1.5,42,884.8,1
P8,2/25/2019,81,81,0.724146565,1.3,1.5,49,1306.2,1
P8,3/18/2019,82,82,0.433749483,1.2,1.5,55,1534.6,1
P8,4/1/2019,82,76,0.648555884,1.2,1.5,43,1839.6,1
P8,4/15/2019,81,16,0.706147394,1.5,1.5,16,999.7,1
P8,6/3/2019,81,3,0.961040349,1.5,1.5,3,792.38,1
P8,6/17/2019,82,82,0.186429386,1.2,1.5,42,1733.4,1
P8,7/8/2019,81,34,0.15195386,1.5,1.5,34,880.3,1
P8,9/9/2019,79,17,0.998666418,1.5,1.5,13,792.38,1
P8,3/4/2019,81,81,0.431201926,1.2,1.5,42,1266,1
P8,5/27/2019,81,6,0.963195685,1.49,1.5,6,794.7,1
P8,7/1/2019,82,82,0.451372263,1.32,1.5,24,1407.6,1
P8,7/29/2019,82,82,0.325644773,1.2,1.5,58,2087.86,1
P8,8/12/2019,82,78,0.805459358,1.34,1.5,15,1544.4,1
P8,8/26/2019,81,32,0.813262606,1.5,1.5,13,947.8,1
P8,9/30/2019,82,82,0.192078669,1.2,1.5,24,2087.86,1
P8,1/28/2019,82,3,0.286888072,1.5,1.5,0,1198.8,1
P8,2/11/2019,81,61,0.223034062,1.5,1.5,4,972.1,1
P8,10/14/2019,81,63,0.129393999,1.5,1.5,9,792.38,0
P8,1/14/2019,82,76,0.255868158,1.35,1.5,0,1375.2,1
P8,4/8/2019,82,16,0.399783115,1.32,1.5,16,1223.1,1
P8,4/22/2019,81,21,0.760922678,1.5,1.5,21,851.6,1
P8,5/6/2019,82,11,0.223983987,1.5,1.5,11,1056.2,1
P8,6/10/2019,82,82,0.041364918,1.26,1.5,28,1281.6,1
P8,6/24/2019,82,82,0.324903019,1.2,1.5,43,2012.3,1
P8,10/21/2019,81,50,0.82414174,1.5,1.5,4,792.38,0
P8,11/25/2019,81,19,0.630124438,1.5,1.5,19,792.38,0
P8,12/9/2019,81,22,0.341174488,1.5,1.5,22,792.38,0
P8,1/13/2020,81,15,0.479243841,1.5,1.5,7,929.2,0
P8,2/24/2020,81,19,0.442197083,1.5,1.5,0,924.2,0
P8,11/18/2019,81,30,0.316936648,1.5,1.5,30,792.38,0
P8,3/9/2020,81,22,0.023817906,1.5,1.5,11,1269.6,0
P8,11/4/2019,80,20,0.827291264,1.5,1.5,20,792.38,0
P8,12/2/2019,82,31,0.627425863,1.5,1.5,31,792.38,0
P8,12/16/2019,81,13,0.459644548,1.5,1.5,13,872.2,0
P8,12/30/2019,81,16,0.502508154,1.5,1.5,0,820.8,0
P8,1/27/2020,82,82,0.395729277,1.2,1.5,36,1895.6,0
P8,1/20/2020,82,75,0.725286367,1.27,1.5,30,1421.2,0
P8,1/6/2020,81,20,0.571341621,1.5,1.5,0,1031.4,0
P8,2/10/2020,81,75,0.7870652,1.33,1.5,0,1260.5,0
P8,5/20/2019,81,2,0.001403128,1.5,1.5,2,969.6,1
P8,7/22/2019,82,82,0.733660129,1.26,1.5,52,2020.8,1
P8,8/5/2019,82,82,0.690206689,1.2,1.5,58,2087.86,1
P8,9/23/2019,81,81,0.871811666,1.2,1.5,36,2087.86,1
P8,10/28/2019,81,15,0.528998658,1.5,1.5,4,792.38,0
P8,2/3/2020,82,75,0.21423226,1.2,1.5,36,1910.9,0
P8,1/21/2019,82,3,0.165728839,1.5,1.5,0,1177.9,1
P8,2/4/2019,82,50,0.789484842,1.5,1.5,2,1066.2,1
P8,4/29/2019,82,10,0.355348263,1.5,1.5,10,1071.5,1
P8,11/11/2019,80,28,0.734599321,1.5,1.5,28,792.38,0
P8,12/23/2019,81,13,0.371909321,1.49,1.5,13,881.5,0
P8,3/2/2020,81,36,0.891008964,1.5,1.5,22,898.6,0
P9,7/31/2017,87,1,0.455212441,1.55,1.55,0,1441.38,1
P9,6/5/2017,87,85,0.671048362,1.07,1.55,46,3769.2,1
P9,5/29/2017,87,0,0.603494315,1.55,1.55,0,1441.38,1
P9,7/24/2017,87,0,0.027033293,1.55,1.55,0,1441.38,1
P9,7/17/2017,87,5,0.777867525,1.55,1.55,4,1522.8,1
P9,5/22/2017,87,0,0.104036493,1.55,1.55,0,1441.38,1
P10,10/9/2017,81,71,0.416601686,2.13,3.6,5,6311.3,1
P10,12/4/2017,73,0,0.808291422,3.6,3.6,0,1997.26,1
P10,1/29/2018,81,79,0.898413972,2,3.6,44,15827.4,1
P10,9/11/2017,77,0,0.463938839,3.58,3.6,0,1997.26,1
P10,11/6/2017,81,81,0.069623582,1.8,3.59,66,10919.3,1
P10,1/1/2018,81,81,0.108268702,2.04,3.6,54,12837.8,1
P10,10/2/2017,81,81,0.196319104,2,3.6,52,11640.8,1
P10,11/27/2017,72,0,0.582838553,3.59,3.59,0,1997.26,1
P10,1/22/2018,81,81,0.308589658,2,3.6,27,15827.4,1
P10,9/25/2017,81,76,0.236545847,2,3.6,50,9999.8,1
P10,11/20/2017,81,75,0.591163641,2.02,3.59,5,4932,1
P10,1/15/2018,81,81,0.323931968,2,3.6,38,15827.4,1
P10,9/4/2017,78,0,0.60373525,3.59,3.6,0,1997.26,1
P10,10/30/2017,81,81,0.67353705,1.91,3.59,62,7937.3,1
P10,12/25/2017,74,0,0.943653307,3.6,3.6,0,1997.26,1
P10,10/16/2017,81,64,0.867027901,2.5,3.6,0,2910.8,1
P10,12/11/2017,77,0,0.732459641,3.59,3.6,0,1997.26,1
P10,2/5/2018,81,13,0.523904686,2.14,3.6,13,7052.3,1
P10,3/12/2018,72,0,0.702234951,3.59,3.6,0,1997.26,1
P10,5/7/2018,87,86,0.613922027,2,3.6,50,15827.4,1
P10,7/2/2018,85,0,0.53484356,3,3,0,3626.3,1
P10,8/27/2018,86,86,0.25593306,2.09,3,25,7255.5,1
P10,10/1/2018,81,0,0.933977046,3,3,0,1997.26,1
P10,2/19/2018,73,7,0.40772201,3.59,3.6,0,1997.26,1
P10,4/16/2018,80,66,0.692282817,3,3.6,0,2342.3,1
P10,6/11/2018,86,0,0.944279706,3,3,0,4031.3,1
P10,8/6/2018,86,86,0.40619027,2,3,54,10947,1
P10,3/19/2018,81,81,0.614239453,2.12,3.6,23,5573.3,1
P10,5/14/2018,82,81,0.401416369,2.14,3.6,13,7975.5,1
P10,7/9/2018,83,0,0.569883664,3,3,0,2499.8,1
P10,9/3/2018,86,72,0.656514222,2,3,47,12260.3,1
P10,10/8/2018,86,86,0.492951934,2.09,3,37,7050,1
P10,11/19/2018,86,86,0.584481612,2.13,3,35,7880.3,1
P10,12/3/2018,86,86,0.488059138,2,3,29,11797.5,1
P10,4/9/2018,81,80,0.950117131,2.2,3.6,8,4995.8,1
P10,6/4/2018,85,0,0.86402776,3,3.59,0,4058.3,1
P10,7/30/2018,86,86,0.816028816,2,3,62,11453.3,1
P10,9/24/2018,80,0,0.369012605,3,3,0,1997.26,1
P10,3/5/2018,75,0,0.013528231,3.59,3.6,0,1997.26,1
P10,4/30/2018,86,84,0.734188323,2.09,3.6,39,11738.3,1
P10,6/25/2018,86,0,0.074308781,3,3,0,4674.8,1
P10,8/20/2018,80,26,0.423964659,3,3,13,1997.26,1
P10,3/26/2018,81,81,0.893946221,2,3.6,17,9153,1
P10,5/21/2018,65,0,0.570878341,3,3.6,0,2349,1
P10,7/16/2018,83,0,0.71068255,3,3,0,2250,1
P10,9/10/2018,86,16,0.737031258,2.27,3,5,6534,1
P10,9/17/2018,83,1,0.306665668,3,3,1,2312.3,1
P10,10/15/2018,86,86,0.797400078,2,3,25,10629.8,1
P10,10/22/2018,86,86,0.010491213,2,3,26,11065.5,1
P10,12/10/2018,86,83,0.941215357,2.19,3,5,6032.3,1
P10,12/23/2019,83,0,0.111528352,3,3,0,3048.8,0
P10,1/6/2020,87,85,0.838848784,2,3,1,12993.8,0
P10,11/12/2018,84,0,0.617481871,3,3,0,2530.5,1
P10,11/26/2018,86,86,0.320384339,2,3,32,11817,1
P10,10/29/2018,86,81,0.689909984,2.24,3,1,6306.8,1
P10,11/18/2019,86,86,0.362858038,2.09,3,30,8760,0
P10,12/2/2019,86,86,0.806295514,2,3,38,13959,0
P10,12/16/2019,83,17,0.04654123,3,3,0,2835.8,0
P10,12/30/2019,86,81,0.1175393,2.16,3,0,7030.5,0
P10,9/18/2017,81,81,0.316814845,2.14,3.6,56,6901.5,1
P10,11/13/2017,81,81,0.525633986,1.8,3.59,63,10389,1
P10,1/8/2018,81,81,0.562362698,2,3.6,58,15827.4,1
P10,2/26/2018,76,8,0.168558773,3.6,3.6,5,1997.26,1
P10,4/23/2018,83,5,0.418087741,2.99,3.6,0,2514,1
P10,6/18/2018,85,0,0.348357237,3,3,0,3765.8,1
P10,8/13/2018,86,85,0.548477631,2.2,3,8,4762.5,1
P10,11/5/2018,83,3,0.875443469,3,3,3,2583.8,1
P10,11/25/2019,86,86,0.041677041,2,3,37,13479.8,0
P10,12/9/2019,86,85,0.632146217,2.18,3,3,6679.5,0
P10,10/23/2017,80,0,0.461750111,2.5,3.6,0,2883,1
P10,12/18/2017,80,0,0.039599078,3.6,3.6,0,3423.8,1
P10,2/12/2018,73,6,0.664755495,3.59,3.6,0,1997.26,1
P10,4/2/2018,81,80,0.501926078,2,3.6,36,9342.8,1
P10,5/28/2018,85,0,0.903973186,3,3.59,0,4234.5,1
P10,7/23/2018,86,86,0.06427198,2.1,3,37,9189.8,1
P10,1/20/2020,86,78,0.293865572,2,3,5,8971.5,0
P10,1/13/2020,86,85,0.7584246,2,3,1,12321.8,0
P11,4/2/2018,81,81,0.788794119,2,3.6,64,16890.8,1
P11,5/28/2018,87,1,0.991322347,3,3.6,1,7937.3,1
P11,4/9/2018,81,81,0.472617451,2.23,3.6,11,8990.3,1
P11,4/30/2018,86,83,0.431036743,2.1,3.6,57,20110.5,1
P11,6/4/2018,86,1,0.714497113,3,3.6,0,7575,1
P11,5/21/2018,87,4,0.169737888,3,3.6,4,6308.3,1
P11,6/25/2018,87,0,0.332198612,3,3,0,9088.5,1
P11,7/23/2018,87,84,0.228785988,2.11,3,59,17388,1
P11,8/20/2018,86,50,0.606412383,3,3,18,4554.3,1
P11,4/23/2018,84,0,0.059447906,3,3.6,0,4878,1
P11,6/18/2018,87,0,0.648279109,3,3,0,7609.5,1
P11,4/16/2018,81,80,0.815104005,3,3.6,0,4554.3,1
P11,5/7/2018,87,82,0.552544005,2,3.6,50,23409,1
P11,8/6/2018,87,84,0.234068643,2,3,70,20388,1
P11,7/2/2018,86,8,0.425387439,3,3,8,7509,1
P11,8/27/2018,87,84,0.475475384,2.11,3,67,14169,1
P11,9/24/2018,85,35,0.508320433,3,3,19,4554.3,1
P11,11/12/2018,87,0,0.103827939,3,3,0,5785.5,1
P11,1/14/2019,87,83,0.481129732,2.26,3,0,16138.5,1
P11,7/30/2018,87,84,0.780120477,2,3,74,21321.8,1
P11,9/17/2018,86,15,0.737108076,3,3,3,4807.5,1
P11,7/9/2018,87,6,0.081575083,3,3,6,5625.8,1
P11,9/3/2018,87,85,0.474809335,2,3,64,23034.8,1
P11,11/26/2018,87,85,0.60099136,2,3,7,28896,1
P11,1/28/2019,86,15,0.24513229,3,3,0,7388.3,1
P11,10/1/2018,85,12,0.226906447,3,3,7,4554.3,1
P11,10/15/2018,87,84,0.465006076,2,3,67,20430,1
P11,11/19/2018,87,84,0.695228145,2.12,3,13,20088.8,1
P11,12/17/2018,86,3,0.242691804,3,3,3,9313.5,1
P11,1/21/2019,86,5,0.773865519,3,3,2,7032.8,1
P11,11/5/2018,86,0,0.898516068,3,3,0,6112.5,1
P11,12/10/2018,87,83,0.148908293,2.19,3,0,13939.5,1
P11,1/7/2019,87,84,0.053344283,2,3,17,32128.5,1
P11,10/8/2018,87,85,0.386394862,2.11,3,54,13922.3,1
P11,10/22/2018,87,85,0.480520139,2,3,66,21741.8,1
P11,12/24/2018,86,3,0.627144344,3,3,3,6373.5,1
P11,7/16/2018,86,24,0.241089657,3,3,24,5083.5,1
P11,8/13/2018,87,85,0.181068132,2.25,3,23,9057,1
P11,12/3/2018,87,84,0.577647959,2,3,16,28891.5,1
P11,12/31/2018,87,85,0.457102633,2.1,3,11,22498.5,1
P11,2/4/2019,87,84,0.677563362,2.13,3,21,24516.8,1
P11,5/14/2018,63,51,0.725321567,2.17,3.6,21,7866.8,1
P11,6/11/2018,87,3,0.196178012,3,3,0,7804.5,1
P11,9/10/2018,87,16,0.072157191,2.31,3,14,12388.5,1
P11,10/29/2018,87,85,0.48944217,2.29,3,0,12579,1
P12,4/6/2020,99,0,0.30738787,2.15,2.16,0,10532,0
P12,3/16/2020,98,83,0.137152649,1.76,2.16,5,12656.73,0
P12,3/30/2020,98,0,0.936986552,2.14,2.16,0,9672.4,0
P12,3/12/2018,100,91,0.370455309,1.5,2.25,79,11977.7,1
P12,6/18/2018,99,2,0.262373634,2.09,2.11,2,6339.5,1
P12,4/2/2018,98,2,0.887319149,2.11,2.25,2,5039.72,1
P12,5/7/2018,99,1,0.901264848,2.11,2.11,0,5535.8,1
P12,6/11/2018,99,4,0.149573218,2.08,2.11,4,6643.9,1
P12,11/18/2019,99,81,0.558416065,1.88,2.16,1,6416.9,0
P12,4/30/2018,99,82,0.236208656,1.9,2.11,0,6609.5,1
P12,6/4/2018,99,4,0.9735387,2.08,2.11,4,7250.2,1
P12,3/26/2018,99,0,0.546851941,2.09,2.25,0,5153.1,1
P12,9/17/2018,99,99,0.073633869,1.67,2.11,33,10151.4,1
P12,7/29/2019,98,7,0.808289439,2.15,2.16,0,6235,1
P12,4/16/2018,100,83,0.498766495,1.71,2.25,7,10219.4,1
P12,12/17/2018,99,83,0.45252526,1.61,2.11,22,12359.5,1
P12,11/4/2019,99,83,0.061411215,1.69,2.16,22,9677.2,0
P12,5/14/2018,98,0,0.533015312,2.07,2.11,0,6738.1,1
P12,5/21/2018,99,0,0.681282396,2.07,2.11,0,7391.3,1
P12,3/23/2020,98,74,0.783297561,2,2.16,0,11202.4,0
P12,3/19/2018,99,7,0.847492433,1.7,2.25,7,7620.5,1
P12,4/9/2018,100,84,0.060958903,1.79,2.25,38,8049.2,1
P12,12/24/2018,98,83,0.343114989,1.64,2.11,22,7608,1
P12,11/11/2019,99,83,0.794866692,1.69,2.16,19,9429,0
P12,4/23/2018,100,83,0.462853794,1.72,2.25,7,9356.4,1
P12,5/28/2018,99,0,0.726365165,2.08,2.11,0,7132,1
P13,2/13/2017,100,100,0.391453182,1.87,2.2,0,11690.8,1
P13,3/20/2017,100,0,0.345834802,1.89,2.2,0,8330,1
P13,1/23/2017,99,0,0.61400295,2.2,2.2,0,7455.74,1
P13,4/3/2017,100,0,0.952902767,1.88,2.2,0,11205.4,1
P13,1/2/2017,100,0,0.916370245,2.17,2.17,0,8267.2,1
P13,2/20/2017,100,100,0.733422999,1.88,2.2,0,11726.1,1
P13,2/6/2017,100,100,0.229563187,1.87,2.2,0,11398.4,1
P13,3/13/2017,100,0,0.073387028,1.89,2.2,0,9327.6,1
P13,6/12/2017,100,0,0.012581368,2.2,2.2,0,9683.2,1
P13,7/31/2017,100,100,0.723257173,1.5,2.22,64,20038.4,1
P13,1/16/2017,99,0,0.756567848,2.19,2.19,0,7455.74,1
P13,3/27/2017,100,0,0.712530481,1.89,2.2,0,8613.3,1
P13,5/1/2017,100,3,0.728176969,1.9,1.9,0,8525.6,1
P13,1/9/2017,100,2,0.837332348,2.17,2.17,0,8698.9,1
P13,2/27/2017,100,100,0.38640354,1.88,2.2,0,11122.4,1
P13,4/17/2017,100,0,0.782332074,1.88,2.2,0,11278,1
P13,5/8/2017,100,2,0.304631471,1.9,1.9,0,8521.3,1
P13,7/10/2017,99,2,0.321981751,2.22,2.22,0,7455.74,1
P13,9/4/2017,100,0,0.332856815,2.18,2.22,0,9271.7,1
P13,7/16/2018,100,100,0.989701529,1.5,2.08,62,20785.41,1
P13,8/13/2018,100,85,0.60767416,1.71,2.1,24,14862.5,1
P13,9/10/2018,100,3,0.890912051,2.08,2.1,0,8962.9,1
P13,8/7/2017,100,100,0.72725687,1.5,2.22,73,17274,1
P13,8/20/2018,100,84,0.272899803,1.62,2.1,31,19717.7,1
P13,10/9/2017,100,99,0.069683596,1.83,2.19,0,9642.8,1
P13,10/15/2018,99,0,0.544637516,2.1,2.1,0,7455.74,1
P13,7/3/2017,100,4,0.736867211,2.22,2.22,4,8110.7,1
P13,8/28/2017,100,12,0.982120446,1.8,2.22,12,11998.7,1
P13,10/2/2017,100,100,0.452503964,1.84,2.22,0,8879.5,1
P13,10/8/2018,100,99,0.26831195,1.69,2.1,7,12687.6,1
P13,5/22/2017,100,100,0.004659207,1.5,1.9,36,20785.41,1
P13,6/5/2017,100,44,0.748480914,1.76,1.9,2,13549.3,1
P13,7/24/2017,100,100,0.058357781,1.5,2.22,72,20203.1,1
P13,7/30/2018,99,0,0.87235087,2.1,2.1,0,7507.4,1
P13,6/19/2017,100,1,0.754064589,2.2,2.2,0,10002.2,1
P13,8/14/2017,100,100,0.410015387,1.5,2.22,86,15587.5,1
P13,9/18/2017,100,97,0.79966157,2,2.22,0,9242,1
P13,8/27/2018,100,85,0.334211325,1.8,2.1,3,11191.6,1
P13,9/24/2018,100,100,0.595151943,1.5,2.1,30,20785.41,1
P13,11/13/2017,99,47,0.000668051,2.23,2.23,0,7455.74,1
P13,11/19/2018,100,0,0.263647515,2.09,2.1,0,8459,1
P13,12/17/2018,100,84,0.884853028,1.6,2.1,26,20785.41,1
P13,10/16/2017,100,99,0.654422204,1.83,2.19,0,10427.1,1
P13,11/20/2017,100,100,0.149135363,1.66,2.23,81,14441.1,1
P13,10/22/2018,99,0,0.434764117,2.1,2.1,0,7455.74,1
P13,11/26/2018,100,1,0.92119972,2.1,2.1,1,7555.1,1
P13,1/29/2018,99,20,0.904538135,2.24,2.24,6,7455.74,1
P13,11/6/2017,99,46,0.959095567,2.23,2.23,0,7455.74,1
P13,11/12/2018,100,0,0.64608028,2.07,2.1,0,9957.5,1
P13,12/10/2018,100,84,0.8535063,1.74,2.1,27,13973.7,1
P13,1/14/2019,100,0,0.899020055,2.14,2.14,0,8276.6,1
P13,10/23/2017,100,89,0.763925776,1.83,2.19,0,10378.9,1
P13,11/27/2017,100,100,0.036976381,1.5,2.23,72,20169.2,1
P13,12/11/2017,100,100,0.433492198,1.78,2.23,8,14046.8,1
P13,10/29/2018,100,0,0.739316644,2.08,2.1,0,9150.8,1
P13,12/31/2018,99,84,0.542270046,1.86,2.1,5,9813,1
P13,12/18/2017,100,0,0.500955029,2.15,2.23,0,15650.3,1
P13,1/8/2018,99,12,0.88319346,2.24,2.24,0,7455.74,1
P13,12/25/2017,100,0,0.304821216,2.19,2.23,0,7552.1,1
P13,1/22/2018,99,29,0.517049872,2.24,2.24,9,7455.74,1
P13,1/30/2017,100,100,0.092097639,1.9,2.2,0,10007.4,1
P13,3/6/2017,100,0,0.034125684,1.88,2.2,0,10817.1,1
P13,4/10/2017,100,0,0.420305105,1.87,2.2,0,13096.5,1
P13,5/15/2017,100,100,0.675545623,1.6,1.9,32,16093.2,1
P13,5/29/2017,100,100,0.718574677,1.5,1.9,52,20785.41,1
P13,7/17/2017,100,100,0.675214096,1.65,2.22,62,15474,1
P13,9/11/2017,100,2,0.583060458,2.19,2.22,2,9565.8,1
P13,7/23/2018,100,100,0.970636191,1.71,2.08,2,13462,1
P13,9/17/2018,100,96,0.689536851,1.65,2.1,35,17151,1
P13,12/24/2018,100,84,0.832442808,1.65,2.1,26,13920,1
P13,1/15/2018,99,5,0.671369187,2.24,2.24,1,7455.74,1
P13,4/24/2017,100,1,0.290861413,1.88,1.9,0,10382.4,1
P13,6/26/2017,99,0,0.397781522,2.21,2.21,0,7735.7,1
P13,8/21/2017,100,86,0.781682356,1.5,2.22,77,15603.8,1
P13,9/25/2017,100,99,0.553947421,1.84,2.22,0,9245.9,1
P13,8/6/2018,99,1,0.810567191,2.1,2.1,0,7455.74,1
P13,9/3/2018,99,1,0.463700626,2.09,2.1,1,7466.5,1
P13,10/1/2018,100,100,0.22260077,1.5,2.1,41,20785.41,1
P13,10/30/2017,100,47,0.525123603,2.01,2.19,0,8609.5,1
P13,12/4/2017,100,100,0.986922269,1.5,2.23,70,20747.1,1
P13,11/5/2018,99,0,0.919113539,2.07,2.1,0,10029.8,1
P13,12/3/2018,99,8,0.351021725,2.1,2.1,0,7593.8,1
P13,1/7/2019,99,6,0.098026577,2.1,2.1,6,7455.74,1
P13,1/1/2018,99,9,0.401559712,2.22,2.23,4,7455.74,1
P14,1/2/2017,87,0,0.628650315,2.1,2.1,0,1895,1
P14,1/9/2017,87,0,0.860152961,2.1,2.1,0,1941,1
P14,3/20/2017,86,0,0.670823221,1.8,2.1,0,2018.8,1
P14,5/22/2017,87,87,0.350367934,1.5,1.8,42,4138.2,1
P14,6/26/2017,86,3,0.614567691,2.1,2.1,0,1935,1
P14,8/28/2017,87,9,0.600596773,1.76,2.1,9,2385.6,1
P14,9/11/2017,86,0,0.208723647,2.1,2.1,0,1671.3,1
P14,11/20/2017,87,87,0.200043473,1.64,2.1,68,2093.7,1
P14,3/19/2018,86,9,0.26098827,1.71,2.1,5,2293.6,1
P14,4/23/2018,87,86,0.466627214,1.5,2.1,7,3299,1
P14,5/21/2018,85,0,0.980872515,2,2,0,2694.4,1
P14,8/13/2018,85,85,0.509056557,1.64,2,23,2744.3,1
P14,10/22/2018,84,0,0.650083053,1.99,2,0,1671.3,1
P14,2/20/2017,87,85,0.787673779,1.8,2.1,0,2000.8,1
P14,3/6/2017,87,1,0.698860365,1.8,2.1,0,2033,1
P14,4/17/2017,87,0,0.254428667,1.8,2.1,0,2222.7,1
P14,5/29/2017,87,87,0.769748745,1.5,1.8,59,4137.9,1
P14,7/31/2017,87,87,0.076167746,1.5,2.1,61,3624,1
P14,10/9/2017,86,85,0.628644683,1.75,2.1,0,1818.5,1
P14,12/18/2017,86,0,0.055176161,2.1,2.1,0,1891.6,1
P14,1/1/2018,85,0,0.232252057,2.1,2.1,0,1671.3,1
P14,2/5/2018,87,87,0.388060934,1.37,2.1,59,3076.2,1
P14,3/12/2018,87,70,0.102500483,1.5,2.1,61,3498.1,1
P14,4/30/2018,87,85,0.874705706,1.74,2,0,2633.8,1
P14,7/2/2018,86,86,0.376879951,1.64,2,60,4138.2,1
P14,9/24/2018,86,86,0.887162688,1.5,2,49,3414.2,1
P14,10/29/2018,85,0,0.801458029,2,2,0,1730.8,1
P14,2/13/2017,86,86,0.78604162,1.8,2.1,0,1864.1,1
P14,4/10/2017,87,0,0.2021271,1.8,2.1,0,2517.2,1
P14,7/24/2017,87,87,0.279823026,1.5,2.1,53,3710.5,1
P14,10/2/2017,86,85,0.57271941,1.75,2.1,0,1938,1
P14,12/11/2017,86,83,0.29873949,1.74,2.1,7,1730.8,1
P14,12/25/2017,82,0,0.910882433,2.1,2.1,0,1671.3,1
P14,1/29/2018,85,0,0.862527371,2.1,2.1,0,1671.3,1
P14,3/5/2018,87,86,0.764379209,1.5,2.1,76,3894.9,1
P14,6/25/2018,86,0,0.976062893,2,2,0,3545.8,1
P14,7/30/2018,85,1,0.809024659,2,2,0,2036.9,1
P14,9/17/2018,85,85,0.332035319,1.65,2,55,2858.2,1
P14,4/3/2017,87,0,0.298866829,1.8,2.1,0,2439.4,1
P14,5/1/2017,87,3,0.114294717,1.8,1.8,3,2288.5,1
P14,9/25/2017,86,86,0.50879803,1.75,2.1,0,2026.2,1
P14,12/4/2017,87,87,0.869332409,1.5,2.1,61,2675,1
P14,1/22/2018,85,3,0.18048811,2.1,2.1,0,1671.3,1
P14,2/26/2018,87,87,0.945212244,1.35,2.1,71,3818.4,1
P14,4/2/2018,85,0,0.869597706,2,2.1,0,1671.3,1
P14,7/23/2018,86,84,0.859663354,1.71,2,8,3319.2,1
P14,2/6/2017,87,87,0.95457368,1.8,2.1,0,1950.9,1
P14,3/13/2017,86,0,0.029183584,1.8,2.1,0,2002.1,1
P14,5/15/2017,87,87,0.17953439,1.58,1.8,54,3203.9,1
P14,6/19/2017,87,0,0.017770249,2.1,2.1,0,1932,1
P14,7/17/2017,87,87,0.993438086,1.65,2.1,54,3068.9,1
P14,8/21/2017,87,79,0.845888508,1.5,2.1,58,3252.1,1
P14,9/4/2017,86,0,0.436284481,2.1,2.1,0,1780.2,1
P14,10/30/2017,85,4,0.12906128,1.91,2.1,0,1671.3,1
P14,11/13/2017,84,3,0.477538249,2.1,2.1,0,1671.3,1
P14,4/16/2018,87,85,0.945169444,1.5,2.1,7,3363,1
P14,6/18/2018,85,0,0.987978564,2,2,0,2700.4,1
P14,8/6/2018,85,0,0.172447085,2,2,0,1986.2,1
P14,9/10/2018,85,5,0.37933076,2,2,5,1930.3,1
P14,10/15/2018,85,0,0.158333255,2,2,0,1671.3,1
P14,1/23/2017,86,0,0.485300519,2.1,2.1,0,1671.3,1
P14,2/27/2017,87,84,0.941794221,1.8,2.1,0,2015.8,1
P14,6/5/2017,87,48,0.763678397,1.72,1.8,16,2566.7,1
P14,7/10/2017,86,2,0.126068995,2.1,2.1,0,1788.4,1
P14,8/7/2017,87,87,0.929293837,1.5,2.1,54,3299.4,1
P14,10/16/2017,87,85,0.182434267,1.75,2.1,0,1833.5,1
P14,1/8/2018,85,5,0.583460413,2.1,2.1,5,1671.3,1
P14,2/12/2018,87,87,0.07155452,1.2,2.1,66,4138.2,1
P14,5/7/2018,86,7,0.50397023,1.99,2,6,2346.9,1
P14,6/4/2018,84,0,0.328275819,2,2,0,2648.8,1
P14,7/9/2018,85,85,0.192352721,1.5,2,75,4138.2,1
P14,8/27/2018,85,84,0.819077374,1.73,2,5,2138.8,1
P14,10/1/2018,86,86,0.368018668,1.5,2,56,3388,1
P14,1/16/2017,86,0,0.695656052,2.1,2.1,0,1742.4,1
P14,3/27/2017,87,0,0.105883968,1.8,2.1,0,2148.3,1
P14,4/24/2017,87,3,0.527554816,1.8,1.83,3,2434.7,1
P14,7/3/2017,86,1,0.691356096,2.1,2.1,0,2108.7,1
P14,9/18/2017,87,76,0.706003321,1.88,2.1,0,1801.7,1
P14,11/6/2017,84,3,0.496664989,2.1,2.1,0,1671.3,1
P14,11/27/2017,86,86,0.905824821,1.5,2.1,60,2792,1
P14,3/26/2018,86,17,0.972674,2,2.1,0,1715.7,1
P14,5/28/2018,84,0,0.978995667,2,2,0,2229.6,1
P14,7/16/2018,86,86,0.942491193,1.5,2,52,4138.2,1
P14,8/20/2018,86,86,0.43752871,1.5,2,48,3179.9,1
P14,1/30/2017,87,87,0.083135449,1.83,2.1,0,1970.3,1
P14,5/8/2017,87,2,0.378058716,1.8,1.8,2,2181,1
P14,6/12/2017,86,3,0.672329468,2.1,2.1,3,1830.1,1
P14,8/14/2017,87,87,0.445523434,1.5,2.1,64,3252.9,1
P14,10/23/2017,86,55,0.954374359,1.75,2.1,0,1752.7,1
P14,1/15/2018,86,3,0.402522598,2.1,2.1,3,1671.3,1
P14,2/19/2018,87,87,0.571282672,1.2,2.1,65,4138.2,1
P14,4/9/2018,87,85,0.33424703,1.64,2.1,37,2677.2,1
P14,5/14/2018,86,0,0.271374189,2,2,0,2397.3,1
P14,6/11/2018,85,0,0.55835021,2,2,0,2511.6,1
P14,9/3/2018,85,5,0.759464311,2,2,5,1882.5,1
P14,10/8/2018,85,79,0.343011547,1.7,2,9,2210.2,1
P14,11/5/2018,84,0,0.044292952,2,2,0,1790.5,1
P15,10/22/2018,83,0,0.656964214,1.5,1.5,0,2460.3,1
P15,1/14/2019,81,38,0.364757131,1.5,1.5,17,1448,1
P15,1/28/2019,83,83,0.136209458,1.07,1.5,60,3521.86,1
P15,2/25/2019,83,42,0.542200048,1.5,1.5,21,2306.4,1
P15,10/1/2018,82,26,0.327011243,1.5,1.5,19,1448,1
P15,10/8/2018,82,30,0.170425267,1.5,1.5,18,1448,1
P15,12/31/2018,83,83,0.136753381,1,1.5,63,3521.86,1
P15,2/11/2019,83,83,0.517559924,1,1.5,53,3521.86,1
P15,10/29/2018,83,0,0.489520264,1.5,1.5,0,2429.4,1
P15,1/21/2019,81,47,0.916916842,1.5,1.5,19,1448,1
P15,3/4/2019,82,40,0.273136892,1.5,1.5,21,2144.5,1
P15,3/18/2019,83,3,0.523513377,1.5,1.5,3,2817,1
P15,4/29/2019,82,0,0.427492712,1.5,1.5,0,2520.3,1
P15,1/7/2019,83,83,0.748103061,1.16,1.5,21,2405.6,1
P15,7/1/2019,66,12,0.644362303,1.49,1.5,2,3429.2,1
P15,11/25/2019,62,1,0.526277396,1.5,1.5,0,1448,0
P15,12/10/2018,82,52,0.914229377,1.5,1.5,15,1965.3,1
P15,12/24/2018,83,83,0.555926723,1,1.5,24,3521.86,1
P15,2/4/2019,83,83,0.733087906,1,1.5,70,3521.86,1
P15,4/22/2019,82,1,0.667914639,1.5,1.5,1,2507.5,1
P15,11/5/2018,82,45,0.339962436,1.5,1.5,8,1771.3,1
P15,11/12/2018,82,42,0.184343601,1.5,1.5,5,1633.3,1
P15,11/26/2018,82,63,0.622878886,1.5,1.5,10,1821.5,1
P15,3/11/2019,82,3,0.449901759,1.5,1.5,3,2570.2,1
P15,3/25/2019,83,4,0.259459972,1.5,1.5,0,3076,1
P15,4/8/2019,82,0,0.01583561,1.5,1.5,0,2441.2,1
P15,5/6/2019,82,41,0.159684081,1.5,1.5,30,1706,1
P15,6/17/2019,82,33,0.833114719,1.44,1.5,18,2952.8,1
P15,5/20/2019,82,19,0.021881051,1.5,1.5,14,1893.8,1
P15,7/8/2019,65,23,0.607901875,1.48,1.5,8,2200.5,1
P15,12/2/2019,62,0,0.893429785,1.5,1.5,0,1448,0
P15,6/10/2019,83,26,0.450102911,1.5,1.5,22,2796.9,1
P15,5/13/2019,82,28,0.182273005,1.5,1.5,18,1666.1,1
P15,6/24/2019,77,11,0.155283786,1.47,1.5,0,3091.1,1
P15,8/5/2019,62,49,0.395886987,1.5,1.5,8,2453.3,1
P15,12/9/2019,62,6,0.912311416,1.5,1.5,6,1483.9,0
P15,7/29/2019,63,0,0.075947867,1.5,1.5,0,2938.7,1
P15,7/22/2019,64,4,0.20583094,1.5,1.5,0,2631.2,1
P15,10/15/2018,82,1,0.700906384,1.5,1.5,1,2001.2,1
P15,2/18/2019,83,83,0.807902783,1.2,1.5,27,3300.9,1
P15,5/27/2019,83,5,0.224968163,1.5,1.5,0,2658.1,1
P15,11/19/2018,82,43,0.114795819,1.5,1.5,5,1803.2,1
P15,12/3/2018,82,59,0.717624993,1.5,1.5,13,1840.3,1
P15,12/17/2018,83,83,0.351505223,1.09,1.5,24,3521.86,1
P15,4/1/2019,83,0,0.924919689,1.5,1.5,0,2648,1
P15,4/15/2019,82,5,0.285629766,1.5,1.5,0,3100.6,1
P15,6/3/2019,83,17,0.687180147,1.5,1.5,15,2910.8,1
P15,7/15/2019,65,9,0.329487438,1.49,1.5,0,1935.7,1
P16,2/27/2017,83,80,0.682816133,2,3.93,15,28726.5,1
P16,3/6/2017,82,68,0.054511764,2.17,3.93,5,10230,1
P16,9/17/2018,82,69,0.700321406,2,3.99,10,24204,1
P16,3/13/2017,73,14,0.795927015,3.96,3.96,5,2133.46,1
P17,2/20/2017,172,0,0.428741693,2.51,2.51,0,1969.34,1
P17,4/17/2017,74,2,0.09532043,2.49,2.51,0,2707.3,1
P17,6/12/2017,74,0,0.536494541,2.57,2.58,0,3306.3,1
P17,8/7/2017,1278,2,0.899616418,2.57,2.58,2,2365,1
P17,10/2/2017,72,72,0.642096806,1.49,2.57,26,3540.6,1
P17,11/27/2017,235,71,0.645443367,1,2.51,38,7029.6,1
P17,1/22/2018,70,2,0.534548417,2.49,2.51,0,2074.3,1
P17,3/19/2018,71,70,0.529769234,1.07,2.5,41,5170.8,1
P17,5/14/2018,71,0,0.931337719,2.5,2.5,0,2608.4,1
P17,7/9/2018,3092,65,0.645537222,1.5,2.5,45,5607.6,1
P17,9/3/2018,63,62,0.842259,1.62,2.49,4,3234.9,1
P17,10/29/2018,62,0,0.267613192,2.49,2.5,0,1969.34,1
P17,12/24/2018,60,0,0.507628601,2.49,2.5,0,1969.34,1
P17,2/18/2019,62,0,0.026941706,2.49,2.5,0,1969.34,1
P17,4/15/2019,63,0,0.085926939,2.5,2.5,0,1969.34,1
P17,6/10/2019,63,0,0.431061732,2.49,2.5,0,1969.34,1
P17,8/5/2019,84,2,0.06705193,2.5,2.5,0,3786.6,1
P17,9/30/2019,84,0,0.559385739,2.5,2.5,0,2954.5,1
P17,11/25/2019,84,84,0.5686245,1.5,2.51,52,8788.3,0
P17,1/20/2020,84,82,0.651715673,1.74,2.51,4,5724.2,0
P17,3/23/2020,84,0,0.142019443,2.25,2.26,0,9058.23,0
P17,1/23/2017,75,75,0.568984883,1.47,2.51,46,4898.1,1
P17,3/20/2017,76,76,0.926125113,1.5,2.51,45,5274.4,1
P17,5/15/2017,75,71,0.109717761,1.32,2.51,35,7846.2,1
P17,7/10/2017,75,73,0.961692005,1.08,2.58,27,9058.23,1
P17,9/4/2017,74,73,0.697944781,1.07,2.57,47,8473.6,1
P17,10/30/2017,70,0,0.148710004,2.51,2.57,0,1969.34,1
P17,12/25/2017,70,70,0.380839683,1.08,2.51,0,2816.1,1
P17,2/19/2018,71,71,0.953845836,1.07,2.5,37,6803,1
P17,4/16/2018,71,69,0.361082252,1.22,2.5,43,8129.6,1
P17,6/11/2018,70,4,0.464408539,2.49,2.5,0,3111.5,1
P17,8/6/2018,64,0,0.491628681,2.49,2.5,0,1969.34,1
P17,10/1/2018,63,63,0.798001425,1.25,2.5,30,4652.2,1
P17,11/26/2018,62,0,0.079980958,2.49,2.5,0,1969.34,1
P17,1/21/2019,64,64,0.743783002,1,2.5,44,6814.2,1
P17,3/18/2019,63,3,0.90167747,2.5,2.5,0,1969.34,1
P17,5/13/2019,63,63,0.392964217,1.25,2.5,41,5517.3,1
P17,7/8/2019,84,84,0.835973151,1.38,2.5,27,9058.23,1
P17,9/2/2019,84,84,0.151403287,1.5,2.5,66,9058.23,1
P17,10/28/2019,84,84,0.358105785,1.78,2.5,0,5106.7,0
P17,12/23/2019,83,2,0.982920932,2.25,2.51,2,2690.5,0
P17,2/24/2020,84,84,0.173362573,1.5,2.26,66,9058.23,0
P17,2/13/2017,75,75,0.39817331,1.6,2.51,5,3691.6,1
P17,4/10/2017,74,0,0.700061059,2.49,2.51,0,2934.8,1
P17,6/5/2017,75,0,0.81897515,2.58,2.58,0,3140.3,1
P17,7/31/2017,74,71,0.169192684,1.75,2.58,0,3848.9,1
P17,9/25/2017,73,4,0.605218521,2.34,2.57,0,2008.1,1
P17,11/20/2017,71,71,0.295969526,1,2.51,40,7491,1
P17,1/15/2018,71,71,0.06899909,1.41,2.51,0,4599.3,1
P17,3/12/2018,71,71,0.056099005,1,2.5,35,6683.9,1
P17,5/7/2018,71,69,0.744298079,1.65,2.5,3,5505.7,1
P17,7/2/2018,66,66,0.778277273,1.5,2.5,36,6368.3,1
P17,8/27/2018,63,61,0.001181018,1.25,2.5,36,5174.6,1
P17,10/22/2018,63,0,0.293969554,2.49,2.5,0,1969.34,1
P17,12/17/2018,62,6,0.057593562,2.5,2.5,0,1969.34,1
P17,2/11/2019,63,0,0.668555198,2.5,2.5,0,1969.34,1
P17,4/8/2019,63,0,0.053774956,2.5,2.5,0,1969.34,1
P17,6/3/2019,63,0,0.67895805,2.49,2.5,0,1969.34,1
P17,7/29/2019,84,3,0.137117457,2.49,2.5,0,4775.6,1
P17,9/23/2019,83,2,0.696470827,2.5,2.5,0,3065,1
P17,11/18/2019,84,84,0.690275138,1.69,2.51,47,5806.3,0
P17,1/13/2020,84,84,0.839273543,1.5,2.51,49,9058.23,0
P17,3/16/2020,84,0,0.76035629,2.25,2.26,0,9058.23,0
P17,2/6/2017,76,76,0.287136077,1.24,2.51,45,6950.5,1
P17,4/3/2017,75,0,0.630496434,2.49,2.51,0,2699.1,1
P17,5/29/2017,75,5,0.276764753,2.54,2.54,5,3203.9,1
P17,7/24/2017,74,71,0.40604197,1.07,2.58,43,7376.6,1
P17,9/18/2017,73,7,0.791887211,2.31,2.57,5,2303.5,1
P17,11/13/2017,71,69,0.156082765,1.19,2.51,27,4859,1
P17,1/8/2018,71,71,0.416187554,1,2.51,54,7869,1
P17,3/5/2018,70,70,0.848185848,1,2.5,52,7161.6,1
P17,4/30/2018,71,71,0.226877503,1,2.5,35,9058.23,1
P17,6/25/2018,66,66,0.932059168,1.74,2.5,37,5286,1
P17,8/20/2018,63,61,0.106104134,1.25,2.5,27,5123.5,1
P17,10/15/2018,63,60,0.08668877,1.65,2.5,5,2907.7,1
P17,12/10/2018,62,0,0.097263343,2.49,2.5,0,1969.34,1
P17,2/4/2019,63,0,0.168388373,2.5,2.5,0,1969.34,1
P17,4/1/2019,63,0,0.004616448,2.5,2.5,0,1969.34,1
P17,5/27/2019,64,64,0.704224238,1.89,2.5,0,2564.9,1
P17,7/22/2019,84,82,0.489681529,1.56,2.5,2,9058.23,1
P17,9/16/2019,84,84,0.330049707,1.81,2.5,0,6615.1,1
P17,11/11/2019,83,0,0.106263071,2.51,2.51,0,2388.2,0
P17,1/6/2020,84,84,0.972393617,1.5,2.51,58,9058.23,0
P17,3/9/2020,83,4,0.067591781,2.25,2.26,1,7137.6,0
P17,3/13/2017,75,75,0.423936354,1.5,2.51,41,5192.7,1
P17,5/8/2017,75,71,0.828383926,1.31,2.51,28,9058.23,1
P17,7/3/2017,75,71,0.475677241,1.38,2.58,25,6845.2,1
P17,8/28/2017,74,73,0.120700429,1.07,2.58,24,8557,1
P17,10/23/2017,71,71,0.487018026,1.63,2.57,4,2824.2,1
P17,12/18/2017,70,0,0.6688437,2.5,2.51,0,1970.3,1
P17,2/12/2018,70,0,0.993682818,2.5,2.5,0,2012,1
P17,4/9/2018,70,0,0.058873543,2.5,2.5,0,2340.1,1
P17,6/4/2018,70,0,0.073791051,2.5,2.5,0,2973.4,1
P17,7/30/2018,65,3,0.663648444,2.49,2.5,3,2068.3,1
P17,9/24/2018,63,62,0.060256167,1.52,2.5,30,3143.7,1
P17,11/19/2018,62,0,0.200041761,2.49,2.5,0,1969.34,1
P17,1/14/2019,64,62,0.036862151,1,2.5,35,6720.9,1
P17,3/11/2019,62,0,0.46182077,2.5,2.5,0,1969.34,1
P17,5/6/2019,64,64,0.706744095,1.38,2.5,45,4690.9,1
P17,7/1/2019,84,2,0.87233797,2.5,2.5,0,5602.5,1
P17,8/26/2019,84,84,0.220030064,1.68,2.5,66,7759.8,1
P17,10/21/2019,84,84,0.603449858,1.5,2.5,62,8947.9,0
P17,12/16/2019,83,81,0.466060164,2.25,2.51,2,3407.3,0
P17,2/10/2020,84,84,0.938775372,1.65,2.26,65,6384.2,0
P17,2/27/2017,74,0,0.835874227,2.51,2.51,0,2011.5,1
P17,4/24/2017,74,0,0.39541394,2.48,2.51,0,3092.1,1
P17,6/19/2017,75,0,0.77472825,2.57,2.58,0,3622.8,1
P17,8/14/2017,74,0,0.566838533,2.57,2.58,0,2285.4,1
P17,10/9/2017,72,72,0.056531457,1.24,2.57,32,4748.9,1
P17,12/4/2017,70,69,0.42111544,1.31,2.51,0,3707.9,1
P17,1/29/2018,70,0,0.118716388,2.49,2.51,0,2118.2,1
P17,3/26/2018,69,0,0.987928138,2.49,2.5,0,1969.34,1
P17,5/21/2018,68,0,0.59050259,2.5,2.5,0,2363.3,1
P17,7/16/2018,65,65,0.249629282,1.5,2.5,38,5113.6,1
P17,9/10/2018,62,0,0.040602367,2.5,2.5,0,1969.34,1
P17,11/5/2018,63,63,0.202812892,1.49,2.5,38,3487.7,1
P17,12/31/2018,63,4,0.058778896,2.5,2.5,4,1969.34,1
P17,2/25/2019,63,0,0.704176573,2.5,2.5,0,1969.34,1
P17,4/22/2019,63,0,0.123292002,2.5,2.5,0,1969.34,1
P17,6/17/2019,66,0,0.683440714,2.5,2.5,0,1969.34,1
P17,8/12/2019,84,0,0.455537572,2.5,2.5,0,2904.7,1
P17,10/7/2019,84,84,0.110890651,1.69,2.5,52,6370.9,0
P17,12/2/2019,84,84,0.870347635,1.5,2.51,52,8690.7,0
P17,1/27/2020,84,1,0.394179206,2.25,2.51,1,3223.3,0
P17,3/30/2020,83,0,0.409996243,2.25,2.26,0,9058.23,0
P17,1/30/2017,75,75,0.861896158,1.24,2.51,33,7204.6,1
P17,3/27/2017,75,71,0.196961965,1.88,2.51,0,3605.1,1
P17,5/22/2017,75,71,0.372461501,1.81,2.51,8,5141.5,1
P17,7/17/2017,74,72,0.240590688,1.08,2.58,39,7598.5,1
P17,9/11/2017,75,73,0.404222935,1.44,2.57,10,4815.6,1
P17,11/6/2017,70,0,0.123754788,2.51,2.57,0,1969.34,1
P17,1/1/2018,71,71,0.337568063,1,2.51,35,6758.7,1
P17,2/26/2018,70,70,0.662055435,1,2.5,49,6553.2,1
P17,4/23/2018,71,71,0.467546826,1,2.5,35,9058.23,1
P17,6/18/2018,69,0,0.044232815,2.49,2.5,0,2640.6,1
P17,8/13/2018,63,63,0.994156085,1.52,2.5,22,3486.4,1
P17,10/8/2018,63,62,0.966554802,1.25,2.5,28,4594.6,1
P17,12/3/2018,62,0,0.961986279,2.5,2.5,0,1969.34,1
P17,1/28/2019,64,61,0.833744712,1.4,2.5,0,3926.8,1
P17,3/25/2019,63,0,0.120489996,2.5,2.5,0,1969.34,1
P17,5/20/2019,64,64,0.548677252,1.25,2.5,31,5513.9,1
P17,7/15/2019,84,82,0.130704282,1.35,2.5,28,9058.23,1
P17,9/9/2019,84,84,0.99052416,1.5,2.5,65,9058.23,1
P17,11/4/2019,83,0,0.946163854,2.5,2.5,0,2441.5,0
P17,12/30/2019,84,84,0.563541039,1.58,2.51,42,6660.3,0
P17,3/2/2020,84,81,0.636290027,1.76,2.26,4,9058.23,0
P17,3/6/2017,75,75,0.226050458,1.74,2.51,35,3648.1,1
P17,5/1/2017,75,72,0.082297842,1.51,2.51,25,7278.6,1
P17,6/26/2017,74,4,0.859790903,2.56,2.58,0,3063.3,1
P17,8/21/2017,75,72,0.199494516,1.31,2.58,26,5814,1
P17,10/16/2017,71,71,0.712139775,1.24,2.57,45,4801,1
P17,12/11/2017,69,7,0.433478337,2.49,2.51,0,1969.34,1
P17,2/5/2018,70,0,0.899109329,2.5,2.5,0,2194.7,1
P17,4/2/2018,70,2,0.769545958,2.5,2.5,2,1969.34,1
P17,5/28/2018,52,0,0.211646491,2.5,2.5,0,1969.34,1
P17,7/23/2018,65,65,0.545092489,1.89,2.5,0,3600.4,1
P17,9/17/2018,62,0,0.027067906,2.5,2.5,0,1969.34,1
P17,11/12/2018,63,61,0.171881292,1.61,2.5,0,2850.5,1
P17,1/7/2019,64,64,0.015794396,1.08,2.5,33,6044.9,1
P17,3/4/2019,63,3,0.173354216,2.5,2.5,0,1969.34,1
P17,4/29/2019,63,0,0.047721845,2.5,2.5,0,2004.2,1
P17,6/24/2019,83,0,0.908508993,2.5,2.5,0,4180.9,1
P17,8/19/2019,84,1,0.090108406,2.5,2.5,1,3082.7,1
P17,10/14/2019,84,84,0.674556754,1.5,2.5,78,9048.9,0
P17,12/9/2019,84,83,0.320109141,1.8,2.51,1,5716.9,0
P17,2/3/2020,84,0,0.735369945,2.26,2.51,0,3175.1,0
P17,4/6/2020,83,0,0.160682918,2.25,2.26,0,9058.23,0
